name,alpha,CL,CD,CDp,CM,Top_Xtr,Bot_Xtr
e1233.dat,3.0,0.8744,0.00696,0.00231,-0.1031,0.326,0.6876
n64212.dat,3.0,0.5132,0.00669,0.00154,-0.0426,0.1298,0.668
jx-gs-04.dat,3.0,0.4775,0.00475,0.00085,-0.0197,0.2101,1.0
r1082.dat,3.0,0.7224,0.00502,0.00145,-0.0762,0.5219,0.7599
giiik.dat,3.0,0.4492,0.00538,0.00117,-0.0138,0.1703,0.9193
goe448.dat,3.0,1.4563,0.00888,0.00347,-0.2372,0.4356,0.0667
fx75vg166.dat,3.0,0.6513,0.00458,0.00156,-0.0644,0.6143,0.7813
goe400.dat,3.0,0.7551,0.00896,0.00203,-0.0778,0.0016,0.1007
goe587.dat,3.0,0.5332,0.00245,-0.00244,-0.0348,0.0025,0.9314
s5020.dat,3.0,0.4931,0.00437,0.00082,-0.0055,0.3036,1.0
kc135c.dat,3.0,0.4832,0.00534,0.00104,-0.0215,0.3062,0.7556
ah93k131.dat,3.0,0.5571,0.00433,0.00175,-0.0264,0.5985,0.9788
aquilasm.dat,3.0,0.7607,0.00489,0.00119,-0.073,0.3461,1.0
sm701.dat,3.0,0.8898,0.00714,0.00222,-0.1249,0.3077,0.5973
mh22.dat,3.0,0.481,0.00549,0.00112,-0.0222,0.1078,0.9986
e221.dat,3.0,0.4182,0.0044,0.00096,-0.0009,0.3394,0.9859
naca2415.dat,3.0,0.592,0.00592,0.00152,-0.0523,0.3412,0.6955
oa213.dat,3.0,0.5348,0.00614,0.00192,-0.0081,0.2184,0.8942
goe436.dat,3.0,0.682,0.00787,0.00239,-0.0648,0.0533,0.7901
fx63143.dat,3.0,0.6575,0.0099,0.00265,-0.0557,0.0538,0.0192
eh0009.dat,3.0,0.3299,0.00525,0.00094,0.0011,0.1836,0.8177
mh83.dat,3.0,0.8241,0.00644,0.00178,-0.0667,0.2629,0.6673
fx71089a.dat,3.0,0.3178,0.0065,0.00151,0.0062,0.0386,0.768
goe241.dat,3.0,1.4706,0.00992,0.00436,-0.2303,0.2968,0.4113
e343.dat,3.0,0.5739,0.00566,0.00182,-0.0107,0.3323,0.8977
goe81.dat,3.0,1.0096,0.00791,0.00187,-0.1292,0.2717,0.0248
goe775.dat,3.0,0.3248,0.00687,0.00187,0.0007,0.2967,0.5404
glennmartin2.dat,3.0,0.801,0.0083,0.0024,-0.0559,0.2765,0.251
naca64a410.dat,3.0,0.6723,0.00738,0.00191,-0.0806,0.0958,0.6768
s4095.dat,3.0,0.6283,0.00996,0.00593,-0.0537,0.2718,1.001
goe450.dat,3.0,0.9042,0.00937,0.00292,-0.1227,0.0051,0.5242
n10.dat,3.0,0.9497,0.00644,0.00223,-0.0882,0.2548,1.0001
mh113.dat,3.0,1.2435,0.00694,0.00249,-0.1971,0.4248,0.5961
s3010.dat,3.0,,,,,,
curtisc72.dat,3.0,1.0252,0.00653,0.00238,-0.1009,0.2609,1.0
ui1720.dat,3.0,0.8748,0.0081,0.00258,-0.0866,0.2164,0.372
e678.dat,3.0,1.0572,0.00588,0.00237,-0.1802,0.5749,0.7233
mh45.dat,3.0,,,,,,
sg6050.dat,3.0,0.7625,0.0065,0.00174,-0.0934,0.4527,0.4369
e387.dat,3.0,0.7416,0.00429,0.00097,-0.0815,0.4329,1.0
clarkx.dat,3.0,0.6705,0.00782,0.00264,-0.0751,0.0019,0.9549
fx73cl3152.dat,3.0,1.22,0.00787,0.0026,-0.178,0.3582,0.259
giiia.dat,3.0,0.2904,0.0056,0.00121,0.0214,0.14,0.9099
raf89.dat,3.0,0.3611,0.00711,0.00234,-0.006,0.3547,0.529
psu94097.dat,3.0,0.8539,0.00506,0.00148,-0.1137,0.4021,1.0
marske1.dat,3.0,0.4199,0.0074,0.00141,0.032,0.2899,0.0445
e1210.dat,3.0,0.9056,0.00754,0.00205,-0.0934,0.2762,0.3206
goe596.dat,3.0,0.7524,0.00681,0.00208,-0.0803,0.1223,0.9983
naca661212.dat,3.0,0.4781,0.00728,0.00194,-0.0382,0.0337,0.7615
e216.dat,3.0,1.1646,0.00696,0.0023,-0.2044,0.3666,0.6164
fg4.dat,3.0,0.6245,0.01082,0.00354,-0.0232,0.0434,0.0259
rg15.dat,3.0,0.6071,0.00549,0.00116,-0.0618,0.2736,0.7856
fx76mp120.dat,3.0,1.2837,0.00542,0.00194,-0.2135,0.5509,0.803
naca1408.dat,3.0,0.4453,0.00583,0.00135,-0.0243,0.0668,0.9893
e197.dat,3.0,0.6515,0.0049,0.00101,-0.0652,0.4683,0.6799
ag24.dat,3.0,0.6386,0.00521,0.00118,-0.066,0.2704,0.9008
hor12.dat,3.0,0.8492,0.00733,0.00221,-0.1128,0.3088,0.4326
goe493.dat,3.0,,,,,,
e184.dat,3.0,0.3217,0.00407,0.0008,0.0193,0.3518,0.9904
e582.dat,3.0,0.9306,0.0051,0.00157,-0.1279,0.529,0.786
n66021.dat,3.0,0.3627,0.00444,0.00127,-0.0089,0.6475,0.6888
ag455ct02r.dat,3.0,0.5196,0.0049,0.00093,-0.0301,0.206,1.0
e580.dat,3.0,1.02,0.00655,0.00196,-0.1617,0.4115,0.5498
m1.dat,3.0,,,,,,
vr15.dat,3.0,0.3945,0.00538,0.0013,0.0037,0.1691,0.9917
lg10sc.dat,3.0,,,,,,
usa41.dat,3.0,0.7865,0.00889,0.00203,-0.0938,0.0022,0.1971
e226.dat,3.0,0.4427,0.00523,0.00103,-0.0219,0.2568,0.8114
usa40b.dat,3.0,0.8486,0.00719,0.00209,-0.0947,0.212,0.6378
goe498.dat,3.0,1.0011,0.00766,0.00233,-0.1395,0.3209,0.3653
c141f.dat,3.0,0.6351,0.00646,0.00195,-0.0668,0.1457,0.9462
s3025.dat,3.0,0.7465,0.00475,0.00116,-0.0821,0.3737,1.0
goe683.dat,3.0,0.5056,0.00652,0.00201,-0.0096,0.3252,0.6947
fx74130wp2.dat,3.0,0.8558,0.00401,0.00107,-0.1164,0.652,0.8137
e392.dat,3.0,0.8051,0.00442,0.00112,-0.1006,0.4516,0.9686
sd7034.dat,3.0,,,,,,
e328.dat,3.0,0.5397,0.00531,0.00129,-0.0136,0.3305,0.8383
fx79l120.dat,3.0,0.3183,0.0059,0.00107,0.0051,0.2193,0.6175
ag16.dat,3.0,0.5728,0.00506,0.00107,-0.0509,0.2105,1.0
b540ols.dat,3.0,0.3512,0.00638,0.00129,-0.0007,0.138,0.6039
dga1138.dat,3.0,0.6945,0.00689,0.00209,-0.0604,0.0672,1.0
v23010.dat,3.0,0.4416,0.00562,0.00114,-0.0046,0.2015,0.7839
n64012.dat,3.0,0.338,0.00666,0.0014,-0.002,0.0637,0.6696
dsma523b.dat,3.0,0.9086,0.00997,0.00415,-0.1501,0.0351,0.6506
goe324.dat,3.0,0.8376,0.00724,0.00157,-0.0635,0.3557,0.0278
mh91.dat,3.0,0.362,0.00545,0.00124,0.0243,0.2599,0.7854
rc0864c.dat,3.0,0.3942,0.00637,0.00171,-0.0093,0.0045,0.9761
sd8040.dat,3.0,0.6483,0.00528,0.00133,-0.0612,0.2776,0.9265
goe585.dat,3.0,0.7011,0.00733,0.00222,-0.073,0.0015,0.9986
mh92.dat,3.0,0.3461,0.00546,0.00126,0.0292,0.2628,0.7838
fx84w218.dat,3.0,0.7105,0.00593,0.00192,-0.0754,0.4551,0.6253
du84132v.dat,3.0,0.781,0.00786,0.00245,-0.1025,0.136,0.7117
nl722343.dat,3.0,0.5485,0.00662,0.00148,-0.0465,0.1336,0.6896
defcnd2.dat,3.0,0.6506,0.0059,0.00174,-0.0505,0.3195,0.8475
k3.dat,3.0,0.9156,0.01,0.00401,-0.1483,0.089,0.5317
naca2410.dat,3.0,0.5694,0.00521,0.00132,-0.0501,0.2699,0.9711
e479.dat,3.0,0.3491,0.00637,0.00127,0.0004,0.2723,0.4454
fx74cl6140.dat,3.0,1.1793,0.00622,0.00199,-0.1582,0.4074,0.7112
ssca07.dat,3.0,0.4012,0.00529,0.00114,-0.008,0.1459,0.9492
naca1412.dat,3.0,0.4598,0.00564,0.00129,-0.0258,0.2495,0.8035
naca633218.dat,3.0,0.522,0.00753,0.00227,-0.0418,0.1918,0.5655
naca0006.dat,3.0,,,,,,
fx61168.dat,3.0,0.9321,0.00604,0.00171,-0.132,0.4129,0.6383
ste87151.dat,3.0,0.7281,0.00759,0.00299,-0.0971,0.2812,0.7654
naca23018.dat,3.0,0.4774,0.0068,0.00191,-0.0045,0.2238,0.6885
mh64.dat,3.0,,,,,,
ag45c03.dat,3.0,0.4265,0.00427,0.00068,-0.0291,0.2995,1.003
naca643618.dat,3.0,0.8944,0.00572,0.00159,-0.1245,0.4854,0.5589
e435.dat,3.0,1.0505,0.00555,0.00165,-0.1654,0.5301,0.6191
m15.dat,3.0,0.6341,0.00567,0.00168,-0.0467,0.2929,0.9666
goe676.dat,3.0,0.4721,0.00722,0.0021,-0.0229,0.0013,0.908
nlf0215f.dat,3.0,1.0168,0.00556,0.00174,-0.1556,0.5112,0.6926
hq09.dat,3.0,0.3286,0.00627,0.00119,0.0004,0.0194,0.7675
rae69ck.dat,3.0,0.531,0.0073,0.00172,-0.0626,0.0809,0.5782
goe429.dat,3.0,0.3571,0.0075,0.00184,-0.0017,0.001,0.6114
e836.dat,3.0,0.3085,0.00704,0.00167,0.0027,0.0011,0.7428
bambino6.dat,3.0,0.4329,0.00952,0.00242,-0.0133,0.0104,0.1389
daytonwrightt1.dat,3.0,0.9867,0.00722,0.00289,-0.0888,0.2446,0.9906
geminism.dat,3.0,,,,,,
goe361.dat,3.0,,,,,,
ah93w257.dat,3.0,0.7745,0.00668,0.00229,-0.1172,0.4425,0.4788
fx84w140.dat,3.0,0.8238,0.0048,0.00133,-0.1023,0.4988,0.8112
dae11.dat,3.0,,,,,,
hq2590sm.dat,3.0,0.7041,0.00597,0.00136,-0.0822,0.2552,0.7282
e59.dat,3.0,,,,,,
naca0008.dat,3.0,0.3256,0.00568,0.0012,0.0021,0.049,0.9385
e635.dat,3.0,0.3507,0.00496,0.00142,0.0428,0.3002,0.9665
goe526.dat,3.0,0.7146,0.00642,0.00165,-0.0692,0.3203,0.597
naca63209.dat,3.0,,,,,,
ht12.dat,3.0,0.3423,0.00542,0.00115,-0.0004,0.0384,1.0033
fxlv152.dat,3.0,0.3487,0.00733,0.00174,-0.0037,0.0812,0.5734
goe646.dat,3.0,0.8153,0.00722,0.00204,-0.1065,0.3654,0.3548
usa98.dat,3.0,1.1027,0.01192,0.00475,-0.1868,0.0014,0.2785
goe332.dat,3.0,1.0608,0.00816,0.0025,-0.148,0.2677,0.4294
naca641112.dat,3.0,0.4285,0.00619,0.0013,-0.0225,0.1745,0.6698
naca64a010.dat,3.0,0.3096,0.00613,0.00121,0.0044,0.0683,0.7713
e542.dat,3.0,0.566,0.00488,0.00131,-0.0413,0.5115,0.7583
mh43.dat,3.0,0.4879,0.00437,0.00086,-0.0248,0.3205,0.9934
goe308.dat,3.0,0.7546,0.00734,0.0013,-0.0715,0.274,0.1038
hq3015.dat,3.0,0.7502,0.00621,0.00164,-0.0879,0.3484,0.6275
giiim.dat,3.0,0.4702,0.00615,0.00117,-0.0118,0.1642,0.6594
hobiesm.dat,3.0,,,,,,
fx08s176.dat,3.0,0.9317,0.00522,0.00171,-0.1035,0.4855,0.8464
vr9.dat,3.0,0.3541,0.00742,0.0017,-0.0041,0.0019,0.482
goe115.dat,3.0,,,,,,
be50sm.dat,3.0,0.8334,0.00562,0.00154,-0.1081,0.2717,1.0
eh1070.dat,3.0,0.364,0.00441,0.00078,0.0035,0.2566,0.9828
usa48.dat,3.0,0.5853,0.00815,0.00239,-0.0557,0.0924,0.6407
s4022.dat,3.0,1.0308,0.00607,0.00174,-0.1684,0.4233,0.6382
ys930.dat,3.0,0.6618,0.0077,0.00214,-0.0941,0.0444,0.695
sd2083.dat,3.0,0.6554,0.00481,0.00118,-0.0661,0.3404,0.9981
mh117.dat,3.0,0.6636,0.00507,0.00122,-0.0706,0.3275,0.8923
naca65210.dat,3.0,0.5015,0.0069,0.00163,-0.042,0.0304,0.7508
naca4415.dat,3.0,0.6873,0.00593,0.00158,-0.0703,0.4006,0.6495
goe244.dat,3.0,1.6098,0.01106,0.00535,-0.2608,0.3031,0.2562
goe207.dat,3.0,0.9445,0.00862,0.00243,-0.0969,0.232,0.0241
ht23.dat,3.0,0.4197,0.00495,0.00097,-0.0071,0.1663,1.0033
raf27.dat,3.0,0.2952,0.00656,0.00156,0.0081,0.0016,0.81
goe522.dat,3.0,0.7958,0.00825,0.00301,-0.0946,0.3685,0.3363
fx74130wp2mod.dat,3.0,0.8371,0.00467,0.00132,-0.1117,0.5556,0.8137
mh30.dat,3.0,0.5467,0.00495,0.00107,-0.0446,0.2404,0.9989
ah21-9.dat,3.0,0.5863,0.00615,0.00156,-0.0637,0.0785,0.9664
s2055.dat,3.0,0.5364,0.00539,0.00121,-0.0436,0.2075,0.9226
e180.dat,3.0,0.5035,0.0043,0.00082,-0.0247,0.3445,0.9978
fx79w151a.dat,3.0,0.6023,0.00483,0.00134,-0.0442,0.4366,0.8843
c5e.dat,3.0,0.5321,0.00715,0.00176,-0.0439,0.0635,0.6994
fx84w150.dat,3.0,0.8347,0.00495,0.00142,-0.1025,0.4949,0.7942
goe390.dat,3.0,1.0855,0.00873,0.00306,-0.1379,0.3639,0.1844
s8025.dat,3.0,0.3579,0.00505,0.00088,0.0026,0.1685,0.8737
hq208.dat,3.0,0.5969,0.00718,0.00177,-0.059,0.0009,0.7918
rc410.dat,3.0,0.4441,0.00634,0.00139,-0.0018,0.1549,0.7052
eh1590.dat,3.0,0.3921,0.00438,0.00081,0.0029,0.3165,0.9392
ag36.dat,3.0,0.7367,0.00595,0.00172,-0.0465,0.1801,1.0031
ames03.dat,3.0,0.4124,0.00606,0.00183,-0.0026,0.1836,0.8874
naca663218.dat,3.0,0.5353,0.00435,0.00112,-0.0485,0.6295,0.7034
goe515.dat,3.0,,,,,,
goe404.dat,3.0,0.8434,0.00769,0.00178,-0.0838,0.2993,0.106
c141d.dat,3.0,0.5215,0.00628,0.00175,-0.0442,0.1315,0.9308
hh02.dat,3.0,0.3838,0.00557,0.00131,0.0112,0.3181,0.6762
hq1511.dat,3.0,0.5442,0.00603,0.00129,-0.0453,0.2251,0.692
goe476.dat,3.0,0.8112,0.00699,0.0016,-0.0902,0.4106,0.1656
boe103.dat,3.0,0.7245,0.0076,0.00261,-0.074,0.0863,0.9543
goe123.dat,3.0,,,,,,
goe399.dat,3.0,0.7602,0.00731,0.00213,-0.086,0.0022,1.0
goe766.dat,3.0,0.3868,0.00539,0.00117,0.0098,0.2219,0.8304
n6h20.dat,3.0,0.5786,0.00506,0.0019,0.0069,0.529,0.829
goe406.dat,3.0,0.7187,0.00802,0.00183,-0.0578,0.2988,0.0277
goe692.dat,3.0,0.8949,0.00774,0.00272,-0.1221,0.288,0.6798
fx83w227.dat,3.0,0.5332,0.00653,0.00231,-0.0422,0.4449,0.6368
goe318.dat,3.0,,,,,,
s8035.dat,3.0,0.3255,0.00578,0.00115,0.0036,0.2661,0.6417
goe655.dat,3.0,0.7828,0.00627,0.00192,-0.0786,0.286,0.8315
sc20503.dat,3.0,,,,,,
goe652.dat,3.0,1.4885,0.00981,0.00412,-0.2661,0.2962,0.1958
goe797.dat,3.0,0.8824,0.00805,0.00272,-0.1216,0.2824,0.5688
e874.dat,3.0,0.401,0.00631,0.00165,-0.0138,0.0018,0.9887
whitcomb.dat,3.0,0.7899,0.0088,0.00318,-0.1294,0.0349,0.6675
goe269.dat,3.0,0.8503,0.00975,0.00264,-0.0994,0.0013,0.0696
e434.dat,3.0,0.8573,0.00473,0.00133,-0.1054,0.5142,0.8473
mh25.dat,3.0,0.4517,0.00502,0.00127,-0.0231,0.3307,0.9271
e908.dat,3.0,,,,,,
m12.dat,3.0,0.4673,0.00708,0.00208,-0.0221,0.0236,0.933
naca633418.dat,3.0,0.719,0.00552,0.00136,-0.0837,0.4568,0.5646
n64015.dat,3.0,0.3539,0.00512,0.00095,-0.0039,0.405,0.6098
oa206.dat,3.0,0.376,0.00535,0.00123,-0.0002,0.1491,0.933
r1082t.dat,3.0,0.6878,0.00476,0.00123,-0.0703,0.5217,0.7709
vr1.dat,3.0,0.4723,0.00649,0.00168,-0.0272,0.0875,0.8493
goe795sm.dat,3.0,0.6305,0.00506,0.00129,-0.0643,0.3076,0.9927
fx05h126.dat,3.0,0.5997,0.00383,0.00101,-0.0211,0.5088,0.9929
goe803h.dat,3.0,1.1012,0.00837,0.00213,-0.1615,0.2059,0.0476
goe242.dat,3.0,1.3649,0.01317,0.00622,-0.2253,0.0011,0.4356
avistar.dat,3.0,0.4774,0.00549,0.00131,-0.0255,0.382,0.7384
goe500.dat,3.0,1.0078,0.01009,0.00339,-0.1575,0.0012,0.386
e210.dat,3.0,0.9187,0.00601,0.00153,-0.1316,0.4169,0.5753
e385.dat,3.0,1.0768,0.0048,0.00142,-0.1652,0.4759,1.0
nacam6.dat,3.0,0.4223,0.00452,0.00118,0.0003,0.3958,0.9436
davissm.dat,3.0,,,,,,
sc20610.dat,3.0,0.7792,0.00844,0.00281,-0.1079,0.0329,0.6769
e559.dat,3.0,0.9495,0.00694,0.00184,-0.1397,0.3564,0.3863
df102.dat,3.0,0.564,0.00599,0.00155,-0.0426,0.1755,0.8927
th25816.dat,3.0,0.5028,0.00839,0.00506,-0.0614,0.6342,0.7101
isa961.dat,3.0,,,,,,
e377.dat,3.0,1.0238,0.00606,0.00098,-0.1221,0.3968,0.0533
goe624.dat,3.0,0.8893,0.00616,0.00212,-0.1023,0.374,0.8449
rae104.dat,3.0,0.3061,0.00591,0.00117,0.0049,0.1212,0.7772
c141c.dat,3.0,0.4888,0.00595,0.00159,-0.038,0.1763,0.9135
goe403.dat,3.0,,,,,,
goe621.dat,3.0,0.8198,0.00786,0.00232,-0.0949,0.2618,0.4047
sd8000.dat,3.0,0.5542,0.00545,0.00122,-0.048,0.2151,0.8743
m24.dat,3.0,0.6657,0.00717,0.00149,-0.0215,0.3897,0.0299
ag44ct02r.dat,3.0,0.5367,0.00486,0.00095,-0.0342,0.2327,1.0
usa40.dat,3.0,0.8896,0.00943,0.0034,-0.1155,0.0255,0.6551
j5012.dat,3.0,,,,,,
naca001065.dat,3.0,0.2699,0.00624,0.00154,0.0136,0.0346,0.9276
ys920.dat,3.0,0.5435,0.00765,0.00225,-0.0673,0.0034,0.7408
hq3513.dat,3.0,0.8095,0.00677,0.00188,-0.102,0.2666,0.6616
kc135b.dat,3.0,0.4827,0.00521,0.00098,-0.0193,0.398,0.6627
goe702.dat,3.0,0.7721,0.00726,0.00193,-0.0629,0.3212,0.3003
naca000834.dat,3.0,0.3113,0.00602,0.00141,0.0028,0.0061,0.9307
naca65206.dat,3.0,0.496,0.00649,0.00197,-0.0411,0.0137,0.9125
s2060.dat,3.0,0.5796,0.00585,0.00137,-0.0583,0.1461,0.8955
fx77080.dat,3.0,0.2856,0.00516,0.00098,0.0125,0.1303,0.9192
goe449.dat,3.0,0.7954,0.00599,0.00213,-0.0899,0.4564,0.7525
s4310.dat,3.0,0.7811,0.00481,0.0013,-0.0832,0.3892,1.0
b707b.dat,3.0,0.2644,0.008,0.00184,0.0321,0.0181,0.449
goe622.dat,3.0,0.5929,0.00694,0.00208,-0.0559,0.0022,1.0
naca63206.dat,3.0,,,,,,
naca654421.dat,3.0,0.7178,0.00535,0.00151,-0.0867,0.5438,0.5921
goe532.dat,3.0,0.8734,0.0078,0.00249,-0.0954,0.1565,0.6929
e864.dat,3.0,0.374,0.00925,0.0039,-0.0105,0.3717,0.401
fx63137sm.dat,3.0,1.2975,0.00726,0.0025,-0.217,0.3803,0.5269
naca001264.dat,3.0,0.3081,0.00613,0.00144,0.0052,0.1065,0.8532
e603.dat,3.0,0.8338,0.00516,0.00153,-0.1037,0.5292,0.7019
ah79100a.dat,3.0,0.8231,0.0058,0.00126,-0.1148,0.3739,0.5523
s4233.dat,3.0,0.7238,0.00506,0.00116,-0.0794,0.4554,0.6991
goe290.dat,3.0,0.76,0.00824,0.00249,-0.0766,0.2277,0.4407
hq010.dat,3.0,0.3311,0.0062,0.00118,0.0003,0.0879,0.7129
stcyr171.dat,3.0,0.3535,0.00937,0.00376,-0.001,0.1218,0.4062
fauvel.dat,3.0,0.3345,0.00505,0.00113,0.0442,0.2899,0.8232
goe180.dat,3.0,,,,,,
n13.dat,3.0,0.3097,0.00596,0.00118,0.0048,0.2024,0.6955
lwk80100.dat,3.0,0.2901,0.00591,0.00118,0.0092,0.1234,0.7754
goe303.dat,3.0,0.9877,0.00596,0.00198,-0.1271,0.3435,1.0
goe381.dat,3.0,,,,,,
goe301.dat,3.0,1.082,0.00759,0.00182,-0.1428,0.3403,0.07
naca16009.dat,3.0,0.2779,0.00618,0.00144,0.0104,0.0091,0.9371
e431.dat,3.0,0.9513,0.00516,0.00151,-0.1346,0.5243,0.7428
dae31.dat,3.0,,,,,,
goe430.dat,3.0,0.9801,0.01048,0.00368,-0.1552,0.002,0.3612
s5010.dat,3.0,0.437,0.00436,0.0009,0.0035,0.3183,0.9936
sd7003.dat,3.0,0.5275,0.00534,0.00109,-0.0375,0.2085,0.8587
hq359.dat,3.0,0.805,0.00684,0.00177,-0.1041,0.1763,0.7441
hobie.dat,3.0,0.7829,0.00754,0.00155,-0.0983,0.1963,0.256
fx78pk188.dat,3.0,0.6535,0.00439,0.00119,-0.0733,0.6416,0.7118
npl9626.dat,3.0,0.3895,0.00638,0.00153,-0.0063,0.0966,0.8271
s4158.dat,3.0,0.7204,0.0042,0.00115,-0.077,0.491,0.9967
ah83150q.dat,3.0,0.7755,0.00471,0.00139,-0.0749,0.5287,0.8147
naca643418.dat,3.0,0.7183,0.00551,0.00136,-0.0851,0.4766,0.5602
fx711525.dat,3.0,0.3281,0.00761,0.00197,0.0014,0.012,0.6143
giiig.dat,3.0,0.4211,0.00646,0.00147,-0.0141,0.0013,0.8858
rg14.dat,3.0,0.5304,0.00537,0.00114,-0.0411,0.2219,0.8803
goe506.dat,3.0,,,,,,
m17.dat,3.0,,,,,,
goe182.dat,3.0,,,,,,
npl9510.dat,3.0,0.5909,0.00835,0.00252,-0.0892,0.0241,0.5336
s8023.dat,3.0,0.3394,0.0058,0.00096,0.002,0.1071,0.7024
e656.dat,3.0,0.9775,0.00469,0.00136,-0.1349,0.57,0.7597
isa571.dat,3.0,0.8309,0.00816,0.00169,-0.088,0.1547,0.1186
ag47c03.dat,3.0,0.3585,0.00452,0.00065,-0.0186,0.1922,1.003
bacxxx.dat,3.0,0.527,0.00622,0.00134,-0.0383,0.2142,0.705
naca632615.dat,3.0,0.8919,0.00552,0.00143,-0.125,0.4614,0.6049
e472.dat,3.0,0.3288,0.00688,0.00128,0.0055,0.1534,0.4221
lrn1015.dat,3.0,0.9302,0.00481,0.00143,-0.1082,0.5343,0.8036
fx72150a.dat,3.0,1.3849,0.00662,0.00233,-0.2332,0.4972,0.5117
ah95160.dat,3.0,1.0393,0.00488,0.00162,-0.1433,0.558,0.8303
naca652215.dat,3.0,0.5258,0.00524,0.00114,-0.045,0.4283,0.655
naca642415.dat,3.0,0.7126,0.00525,0.00119,-0.0855,0.4653,0.6058
sc21010.dat,3.0,1.1787,0.01078,0.00492,-0.149,0.0179,0.7135
hq2090sm.dat,3.0,,,,,,
e426.dat,3.0,0.4473,0.0064,0.00123,-0.0213,0.1519,0.5771
raf31.dat,3.0,0.5236,0.00799,0.0022,-0.0471,0.0023,0.67
hq2195.dat,3.0,0.633,0.00702,0.00171,-0.0669,0.0839,0.7234
e376.dat,3.0,,,,,,
fx76100.dat,3.0,0.2939,0.00527,0.001,0.0105,0.1923,0.8332
goe190.dat,3.0,0.9525,0.00422,-0.00228,-0.1379,0.0798,0.3132
goe235.dat,3.0,0.6743,0.00899,0.00207,-0.0609,0.0267,0.0325
n2414.dat,3.0,0.5907,0.00568,0.00143,-0.0524,0.3428,0.7432
fx78k150.dat,3.0,0.7211,0.00417,0.00124,-0.0802,0.6204,0.8528
usa45.dat,3.0,,,,,,
mh120.dat,3.0,0.749,0.00808,0.00232,-0.1135,0.0044,0.6497
ag14.dat,3.0,0.5785,0.00515,0.00102,-0.0487,0.1748,1.0
cr1.dat,3.0,0.7551,0.00728,0.00165,-0.082,0.324,0.2198
oaf139.dat,3.0,0.1917,0.00717,0.00197,0.0365,0.1815,0.4828
goe633.dat,3.0,0.606,0.00732,0.00161,-0.0302,0.2813,0.2461
usa28.dat,3.0,0.5412,0.00913,0.00243,-0.0515,0.0019,0.3551
e1230.dat,3.0,0.723,0.00685,0.00201,-0.0628,0.2998,0.6568
s1012.dat,3.0,0.3248,0.00613,0.00147,0.0018,0.1468,0.7808
naca4412.dat,3.0,0.8242,0.0052,0.00162,-0.1036,0.4024,0.961
fx78k140a20.dat,3.0,0.7481,0.00418,0.00131,-0.0818,0.6234,0.8705
hq3514.dat,3.0,0.8108,0.00722,0.00203,-0.1021,0.251,0.5726
rg149.dat,3.0,0.5174,0.00695,0.00179,-0.0377,0.0012,0.8695
eh2010.dat,3.0,0.4177,0.00452,0.00088,0.0027,0.3217,0.9228
goe410.dat,3.0,0.3427,0.00729,0.00169,0.0013,0.1314,0.4745
goe497.dat,3.0,0.9373,0.01022,0.00351,-0.1386,0.001,0.3851
naca16015.dat,3.0,0.1941,0.00555,0.00159,0.03,0.3261,0.8845
v13009.dat,3.0,0.4223,0.00541,0.00124,-0.0067,0.1467,0.9754
goe223.dat,3.0,,,,,,
mh121.dat,3.0,0.7648,0.00828,0.00237,-0.1171,0.0011,0.6514
s4320.dat,3.0,0.8311,0.00494,0.0013,-0.0956,0.363,1.0
e682.dat,3.0,0.6947,0.00521,0.00177,-0.0738,0.4971,0.8319
e838.dat,3.0,0.3288,0.00662,0.00166,-0.002,0.2491,0.6169
e604.dat,3.0,0.9045,0.00531,0.00153,-0.1289,0.5405,0.6364
goe530.dat,3.0,0.7385,0.00765,0.00173,-0.0544,0.3187,0.0798
dh4009sm.dat,3.0,0.3562,0.00644,0.00132,-0.0071,0.0181,0.7956
oaf095.dat,3.0,0.8831,0.00759,0.00217,-0.1297,0.2234,0.4249
mh62.dat,3.0,0.4422,0.00447,0.00089,-0.0093,0.2898,0.9905
e664ex.dat,3.0,1.8473,0.01857,0.01086,-0.3681,0.0011,0.5981
ah94w301.dat,3.0,0.6878,0.00794,0.00298,-0.1093,0.4001,0.4174
sg6051.dat,3.0,0.7219,0.00462,0.00151,-0.0857,0.5124,0.9981
rc10b3.dat,3.0,0.3821,0.00515,0.0015,0.0042,0.3101,0.9773
ames01.dat,3.0,0.3929,0.00552,0.00151,0.003,0.1966,0.9874
s4180.dat,3.0,0.8135,0.00498,0.00133,-0.0875,0.3432,1.0
s9000.dat,3.0,0.6756,0.00555,0.00129,-0.0732,0.2632,0.8441
e334.dat,3.0,0.6446,0.0052,0.00144,-0.0339,0.3409,0.9246
e555.dat,3.0,0.7959,0.00636,0.00154,-0.1134,0.3751,0.469
naca0024.dat,3.0,0.3333,0.00735,0.00222,0.002,0.3032,0.5098
e297.dat,3.0,0.3385,0.00524,0.00104,-0.0021,0.2795,0.7627
fx082512.dat,3.0,,,,,,
goe685.dat,3.0,0.7585,0.00956,0.00277,-0.0943,0.0258,0.2811
e585.dat,3.0,0.9455,0.00507,0.00146,-0.1325,0.5258,0.7538
goe682.dat,3.0,0.7893,0.00811,0.00286,-0.0938,0.0013,0.9988
e432.dat,3.0,0.94,0.0054,0.00158,-0.1238,0.4799,0.7416
goe344.dat,3.0,0.5827,0.00724,0.00214,-0.0455,0.0014,0.952
bw3.dat,3.0,0.8762,0.00933,0.00246,-0.1212,0.0534,0.0858
n9.dat,3.0,0.7864,0.00695,0.0022,-0.0638,0.0912,1.0
m2.dat,3.0,0.3376,0.00646,0.00182,-0.0017,0.0014,0.924
hq3011.dat,3.0,0.7357,0.00686,0.00172,-0.0869,0.1942,0.6665
v13006.dat,3.0,0.4102,0.00595,0.00136,-0.0097,0.0111,1.0
raf32md.dat,3.0,0.7784,0.00863,0.00262,-0.1075,0.0026,0.6496
goe286.dat,3.0,,,,,,
n0009sm.dat,3.0,0.2958,0.00528,0.00104,0.0093,0.1309,0.912
n63215b.dat,3.0,0.5479,0.00707,0.00186,-0.0318,0.1515,0.604
hs1708.dat,3.0,0.9964,0.00745,0.00213,-0.1441,0.3008,0.4144
s7075.dat,3.0,0.7362,0.00564,0.00144,-0.0901,0.2927,0.8571
e547.dat,3.0,0.6174,0.00538,0.00131,-0.0535,0.449,0.6689
fx6617a2.dat,3.0,0.79,0.00572,0.0014,-0.091,0.4597,0.5697
e557.dat,3.0,0.9541,0.00655,0.00177,-0.1507,0.3981,0.4525
naca2424.dat,3.0,0.3153,0.00768,0.00269,0.0113,0.3648,0.4628
fx71l150.dat,3.0,0.3292,0.00753,0.00187,0.0013,0.0276,0.6003
vr14.dat,3.0,0.4605,0.00545,0.00132,-0.0089,0.1697,0.9951
e178.dat,3.0,0.5878,0.00395,0.00075,-0.0445,0.4302,1.0
goe765.dat,3.0,0.2643,0.0047,0.00119,0.0499,0.3319,0.9249
fx601261.dat,3.0,0.912,0.00831,0.00238,-0.1306,0.1333,0.4713
e856.dat,3.0,0.8947,0.00658,0.00179,-0.1227,0.4051,0.48
hq309.dat,3.0,0.7317,0.00748,0.00199,-0.0884,0.0612,0.7474
hq3013.dat,3.0,0.7474,0.00652,0.00167,-0.0886,0.2794,0.6359
ys915.dat,3.0,0.4881,0.00704,0.00181,-0.0527,0.015,0.7949
clarky.dat,3.0,0.7154,0.00554,0.00164,-0.0795,0.3082,0.9786
davis_corrected.dat,3.0,0.4962,0.00521,0.00124,-0.0137,0.3629,0.7663
goe256.dat,3.0,0.7935,0.00642,0.00234,-0.0891,0.3362,0.9107
sg6042.dat,3.0,0.8524,0.00598,0.00176,-0.1174,0.3125,0.8594
nlr7301.dat,3.0,0.6382,0.00863,0.00286,-0.0762,0.0531,0.6025
vr5.dat,3.0,0.6603,0.00452,0.00097,-0.0514,0.4665,0.7967
rg12.dat,3.0,0.5451,0.00542,0.00111,-0.0469,0.2675,0.7973
mh18.dat,3.0,0.5081,0.00406,0.00108,-0.0192,0.4835,0.9836
nacam18.dat,3.0,0.5519,0.00631,0.00121,-0.0266,0.4061,0.3397
ah80136.dat,3.0,0.4578,0.00381,0.00091,0.0058,0.4851,0.9746
ea61012.dat,3.0,0.3237,0.00721,0.00177,0.0028,0.0011,0.6881
e904.dat,3.0,0.4536,0.00685,0.00185,-0.0333,0.0013,0.8929
naca0010.dat,3.0,0.3326,0.00567,0.00117,0.0009,0.1318,0.8496
hq159b.dat,3.0,0.5317,0.00722,0.00173,-0.0442,0.0009,0.7376
m18.dat,3.0,0.5517,0.00499,0.00131,-0.0222,0.3674,0.9296
goe561.dat,3.0,0.8728,0.01292,0.00692,-0.0561,0.3602,0.03
e186.dat,3.0,0.2667,0.00409,0.00099,0.04,0.3998,0.9799
e66.dat,3.0,,,,,,
giiic.dat,3.0,0.3439,0.00564,0.00118,0.0071,0.1301,0.8944
rhodesg34.dat,3.0,1.0521,0.00737,0.00302,-0.0914,0.239,0.9971
goe604.dat,3.0,0.8226,0.00713,0.00223,-0.0698,0.3049,0.5925
goe386.dat,3.0,0.9189,0.00889,0.00294,-0.1036,0.2946,0.2336
jx-gs-06.dat,3.0,0.4954,0.00483,0.0009,-0.0255,0.2095,0.9997
hq2012.dat,3.0,0.6052,0.0064,0.0015,-0.0581,0.2158,0.6779
ag47ct02r.dat,3.0,0.4636,0.00517,0.00095,-0.0208,0.1101,1.0
e474.dat,3.0,0.3384,0.00692,0.00136,0.0027,0.1942,0.4029
clarym15.dat,3.0,0.722,0.00688,0.00221,-0.0766,0.2306,0.8374
goe496.dat,3.0,0.9263,0.00955,0.00296,-0.1377,0.002,0.4039
goe565.dat,3.0,0.6576,0.00714,0.00211,-0.0731,0.0026,0.99
goe392.dat,3.0,,,,,,
daytonwright6.dat,3.0,,,,,,
clarkyh.dat,3.0,,,,,,
hq159.dat,3.0,0.5275,0.00715,0.00171,-0.0432,0.0009,0.7578
ah93156.dat,3.0,0.7562,0.00456,0.0015,-0.0808,0.5679,0.8628
ah94145.dat,3.0,1.0653,0.00475,0.0016,-0.1507,0.5572,0.8844
goe198.dat,3.0,1.0398,0.01069,0.00349,-0.145,0.0425,0.0463
rc12n1.dat,3.0,,,,,,
b707a.dat,3.0,0.2807,0.00802,0.00178,0.0143,0.0096,0.4034
sg6043.dat,3.0,1.0971,0.00605,0.00213,-0.177,0.3987,0.8971
e852.dat,3.0,0.7417,0.00648,0.00159,-0.1075,0.2581,0.6171
e428.dat,3.0,0.4233,0.00645,0.00121,-0.017,0.1556,0.5377
fx711530.dat,3.0,0.3292,0.00753,0.00187,0.0013,0.0276,0.6003
goe601.dat,3.0,0.5341,0.00729,0.0019,-0.0462,0.2403,0.5178
hq259.dat,3.0,0.6627,0.00763,0.00203,-0.0735,0.0009,0.7541
pmc19sm.dat,3.0,0.4133,0.00515,0.00087,0.0062,0.2726,0.7774
fx2.dat,3.0,,,,,,
ms317.dat,3.0,0.7657,0.00838,0.00296,-0.0923,0.1425,0.6633
defcnd3.dat,3.0,0.5784,0.0059,0.00144,-0.0355,0.2153,0.8335
e598.dat,3.0,0.6772,0.00447,0.00109,-0.0414,0.3777,0.9949
naca64206.dat,3.0,,,,,,
e337.dat,3.0,0.4732,0.00525,0.0015,0.0092,0.3253,0.9094
tsagi_r3a.dat,3.0,0.6007,0.00574,0.00164,-0.0223,0.2107,0.9541
goe284.dat,3.0,0.8756,0.00736,0.00202,-0.0954,0.376,0.2828
eh2510.dat,3.0,0.4127,0.00679,0.00204,0.0074,0.0056,0.9371
s4061.dat,3.0,0.7573,0.00453,0.00114,-0.0853,0.4095,1.0
naca632a015.dat,3.0,0.4418,0.00578,0.00126,-0.0052,0.3052,0.688
goe776.dat,3.0,0.3131,0.00746,0.00231,0.0023,0.311,0.4967
goe735.dat,3.0,0.5707,0.00661,0.00209,-0.0045,0.3184,0.6448
s1014.dat,3.0,0.3241,0.00628,0.00198,0.0006,0.2894,0.7449
fx63100.dat,3.0,1.0049,0.00939,0.00318,-0.1551,0.0006,0.6128
rae2822.dat,3.0,0.531,0.0073,0.00172,-0.0626,0.0809,0.5782
naca0021.dat,3.0,0.34,0.00688,0.00188,0.0007,0.2933,0.548
fx60160.dat,3.0,0.7167,0.00919,0.00309,-0.0968,0.0121,0.6334
s8038.dat,3.0,0.4433,0.0059,0.00123,-0.0186,0.2545,0.6835
ag03.dat,3.0,0.535,0.00503,0.00099,-0.0335,0.2007,1.0
goe645.dat,3.0,0.823,0.00839,0.00235,-0.0861,0.2043,0.3043
mh20.dat,3.0,0.4464,0.0042,0.0009,-0.0082,0.3824,0.9898
fx66s171.dat,3.0,0.8321,0.00586,0.00138,-0.1011,0.4447,0.502
s8064.dat,3.0,0.4642,0.00518,0.00119,-0.0317,0.3742,0.771
rg12a189.dat,3.0,,,,,,
stcyr172.dat,3.0,0.3124,0.00665,0.00133,0.0075,0.1789,0.525
e715.dat,3.0,0.6088,0.0053,0.00097,-0.046,0.4528,0.4907
gs1.dat,3.0,0.8023,0.00743,0.00191,-0.1025,0.2665,0.3874
s3014.dat,3.0,0.587,0.00488,0.00115,-0.0437,0.2966,0.9958
spicasm.dat,3.0,,,,,,
goe412.dat,3.0,0.8585,0.00998,0.00366,-0.1119,0.0015,0.6255
goe614.dat,3.0,0.8844,0.00822,0.00271,-0.1076,0.3384,0.306
goe447.dat,3.0,1.1969,0.00885,0.00287,-0.1826,0.3414,0.0796
oa209.dat,3.0,0.4501,0.00576,0.00158,-0.0087,0.2025,0.8908
goe438.dat,3.0,0.6991,0.00814,0.00212,-0.0675,0.1086,0.4808
mh38.dat,3.0,0.7816,0.00418,0.00103,-0.0962,0.4742,1.0
as5046.dat,3.0,0.6267,0.00617,0.00158,-0.0625,0.3365,0.6332
naca747a315.dat,3.0,0.4957,0.00461,0.00113,-0.0135,0.4745,0.8162
goe723.dat,3.0,0.7614,0.0085,0.00236,-0.0927,0.0967,0.4401
esa40.dat,3.0,0.2753,0.00598,0.00187,0.0573,0.1585,0.9201
hq3014.dat,3.0,0.7456,0.00644,0.0017,-0.0875,0.3,0.6425
goe626.dat,3.0,,,,,,
goe534.dat,3.0,0.8985,0.00769,0.00202,-0.0923,0.2332,0.2959
e207.dat,3.0,0.5955,0.00464,0.00102,-0.0489,0.4062,0.8598
e863.dat,3.0,0.387,0.00862,0.00336,-0.0114,0.3664,0.4008
vr12.dat,3.0,0.4684,0.00593,0.00176,-0.0031,0.1803,0.9889
fx60177.dat,3.0,0.8258,0.00785,0.00287,-0.1201,0.2551,0.6745
goe240.dat,3.0,0.8577,0.00956,0.00239,-0.1024,0.0021,0.079
mh110.dat,3.0,0.2613,0.0046,0.00087,0.0403,0.2258,0.9657
e214.dat,3.0,0.9496,0.00583,0.00155,-0.1451,0.4171,0.654
fx83w108.dat,3.0,0.8507,0.00606,0.00144,-0.1258,0.4036,0.515
fx84w097.dat,3.0,0.5994,0.00413,0.00091,-0.0494,0.4412,0.944
fx73cl1152.dat,3.0,0.9774,0.00714,0.00182,-0.1132,0.3356,0.2662
giiil.dat,3.0,0.4523,0.00537,0.00118,-0.013,0.169,0.9278
e195.dat,3.0,0.6792,0.00435,0.00105,-0.0703,0.4613,0.9145
goe479.dat,3.0,0.7695,0.00617,0.00195,-0.0848,0.2363,0.9837
n64110.dat,3.0,,,,,,
e818.dat,3.0,,,,,,
eiffel385.dat,3.0,1.1108,0.00865,0.00291,-0.0992,0.2138,0.3444
goe741.dat,3.0,0.5712,0.00672,0.00145,-0.0016,0.369,0.2244
mh27.dat,3.0,0.3523,0.00477,0.00147,-0.0008,0.4477,0.9417
ag37.dat,3.0,0.7194,0.006,0.00169,-0.0466,0.1644,1.0
goe79.dat,3.0,0.9301,0.00376,-0.0022,-0.1039,0.22,0.0215
goe499.dat,3.0,,,,,,
jx-gs-15.dat,3.0,0.5064,0.00493,0.00101,-0.0328,0.2254,0.9945
l7769.dat,3.0,0.6264,0.00625,0.00089,-0.0276,0.3606,0.1484
mrc-16.dat,3.0,0.6746,0.00498,0.00137,-0.0656,0.424,0.8927
mrc-20.dat,3.0,,,,,,
goe384.dat,3.0,1.0548,0.00805,0.00311,-0.1286,0.3592,0.5494
s8036.dat,3.0,0.507,0.00533,0.00121,-0.0266,0.4222,0.6825
rg15a111.dat,3.0,0.6045,0.00626,0.00144,-0.0593,0.1993,0.7329
goe117.dat,3.0,,,,,,
a18sm.dat,3.0,0.833,0.0061,0.00191,-0.1192,0.2584,1.0
naca23012.dat,3.0,0.4683,0.00571,0.00141,-0.0073,0.2025,0.883
s2091.dat,3.0,0.7586,0.00491,0.00129,-0.0803,0.3492,1.0
fg2.dat,3.0,0.6502,0.00719,0.0011,-0.0483,0.2794,0.0264
arad6.dat,3.0,,,,,,
goe394.dat,3.0,,,,,,
giiif.dat,3.0,0.4213,0.00645,0.00146,-0.0144,0.001,0.8835
hq07.dat,3.0,0.3269,0.00616,0.00121,0.0006,0.0009,0.821
e212.dat,3.0,0.8304,0.00644,0.00164,-0.1235,0.2764,0.6419
rg12a.dat,3.0,,,,,,
s2050.dat,3.0,0.585,0.00599,0.00125,-0.0605,0.1942,0.7267
e64.dat,3.0,0.8074,0.00595,0.00167,-0.1128,0.243,0.9264
sc20010.dat,3.0,0.3438,0.00667,0.00154,-0.0021,0.0628,0.742
p51htip.dat,3.0,0.4632,0.00634,0.00165,-0.0304,0.1741,0.7885
ea61009.dat,3.0,0.3348,0.00665,0.00149,-0.0001,0.0026,0.7523
giiid.dat,3.0,,,,,,
m11.dat,3.0,0.4762,0.00682,0.00202,-0.0206,0.003,0.9911
e327.dat,3.0,0.4481,0.00516,0.0012,0.0081,0.3245,0.8415
rhodesg30.dat,3.0,0.8072,0.00899,0.00221,-0.0599,0.0981,0.0559
arad20.dat,3.0,0.7504,0.00832,0.0035,-0.045,0.2606,0.7015
goe143.dat,3.0,0.7358,0.00911,0.00213,-0.0752,0.0016,0.1335
e168.dat,3.0,0.3421,0.00576,0.00096,0.0005,0.2666,0.5535
ah81k144.dat,3.0,0.7615,0.00399,0.00105,-0.0888,0.6212,0.8414
apex16.dat,3.0,0.7047,0.00542,0.00121,-0.0884,0.4617,0.6214
e211.dat,3.0,,,,,,
s1048.dat,3.0,0.3441,0.00555,0.00098,-0.0008,0.322,0.5829
ag08.dat,3.0,0.5268,0.00504,0.00101,-0.0373,0.1891,1.0
as5045.dat,3.0,0.6154,0.00599,0.00148,-0.0609,0.3429,0.6309
nasasc2-0714.dat,3.0,0.9251,0.00951,0.00364,-0.1404,0.0517,0.6308
rhodesg32.dat,3.0,,,,,,
naca662415.dat,3.0,0.665,0.00605,0.00181,-0.081,0.3832,0.7324
eiffel10.dat,3.0,,,,,,
mh102.dat,3.0,0.6799,0.0065,0.00153,-0.0611,0.3479,0.4333
naca653618.dat,3.0,0.8907,0.00523,0.00147,-0.1273,0.5528,0.6183
e230.dat,3.0,0.1499,0.00477,0.00079,0.0505,0.2014,0.8705
rc510.dat,3.0,0.4423,0.00529,0.00129,-0.0012,0.2032,0.9757
e639.dat,3.0,0.6986,0.00527,0.00159,-0.0401,0.3375,0.9802
arad10.dat,3.0,0.7954,0.00723,0.00274,-0.0838,0.189,1.0
b29tip.dat,3.0,0.4257,0.00652,0.00176,-0.0037,0.0014,0.9841
eh2070.dat,3.0,0.41,0.00417,0.00071,0.003,0.3239,0.9865
e331.dat,3.0,0.3639,0.0048,0.00114,0.0319,0.3132,0.9278
fx6617ai.dat,3.0,0.8036,0.00581,0.0015,-0.0971,0.4496,0.5888
s3002.dat,3.0,0.7573,0.00593,0.00146,-0.0871,0.2782,0.7606
fx63137.dat,3.0,1.2518,0.00991,0.00382,-0.2076,0.1444,0.495
miley.dat,3.0,0.7503,0.00417,0.00115,-0.0489,0.4896,1.0
hor20.dat,3.0,0.7556,0.00756,0.00224,-0.092,0.3341,0.3312
ma409sm.dat,3.0,0.7633,0.00585,0.00156,-0.104,0.2016,1.0
mh46.dat,3.0,0.3342,0.00404,0.00071,0.0258,0.3965,0.8785
s7012.dat,3.0,0.6183,0.00522,0.00102,-0.0598,0.3031,0.7847
naca652415.dat,3.0,0.7093,0.00493,0.00114,-0.0871,0.514,0.6548
e552.dat,3.0,0.7781,0.00602,0.00145,-0.0941,0.4268,0.482
sd7090.dat,3.0,0.5586,0.00527,0.00119,-0.044,0.2616,0.885
sa7024.dat,3.0,0.7461,0.00535,0.00129,-0.0901,0.2522,1.0
nacam2.dat,3.0,0.3302,0.00609,0.00156,0.0007,0.0296,0.9396
e662.dat,3.0,0.966,0.00521,0.00174,-0.148,0.5487,0.7793
ag25.dat,3.0,0.6471,0.00509,0.00115,-0.0668,0.2495,1.0
e397.dat,3.0,1.073,0.00562,0.00155,-0.1754,0.5133,0.544
goe15k.dat,3.0,0.3926,0.01104,0.00661,-0.0276,0.1844,0.9636
goe592.dat,3.0,1.0827,0.00709,0.00198,-0.1448,0.4659,0.1301
naca4424.dat,3.0,0.4626,0.00847,0.00338,-0.0158,0.3988,0.3856
e228.dat,3.0,0.3023,0.00482,0.00085,0.0131,0.266,0.8409
s3016.dat,3.0,0.5283,0.00487,0.00112,-0.0321,0.2748,0.9902
defcnd1.dat,3.0,0.7446,0.00662,0.00185,-0.0633,0.3922,0.4548
l188tip.dat,3.0,0.6786,0.00595,0.00164,-0.0807,0.3263,0.7846
fx05191.dat,3.0,0.8415,0.00549,0.00177,-0.1254,0.5126,0.6987
s8037.dat,3.0,,,,,,
waspsm.dat,3.0,0.7375,0.00525,0.00132,-0.0825,0.2965,1.0
a18.dat,3.0,0.9376,0.00747,0.00266,-0.1214,0.1113,1.0
fx74130wp1.dat,3.0,0.9046,0.00436,0.00133,-0.1344,0.6378,0.8058
be50.dat,3.0,,,,,,
fxs03182.dat,3.0,0.7403,0.00995,0.00377,-0.1023,0.0077,0.6029
b707c.dat,3.0,0.505,0.00904,0.00269,-0.0257,0.0086,0.3663
sa7038.dat,3.0,0.7285,0.00509,0.0013,-0.0817,0.3124,1.0
sc20410.dat,3.0,0.592,0.00768,0.00221,-0.0738,0.0428,0.6758
nlf415.dat,3.0,0.6016,0.00757,0.00259,-0.0887,0.2941,0.5797
rae5214.dat,3.0,0.5619,0.00699,0.0016,-0.0514,0.0801,0.6359
hq2510.dat,3.0,0.6607,0.00785,0.00213,-0.0725,0.0011,0.7219
ag12.dat,3.0,0.5575,0.00507,0.00102,-0.0456,0.188,1.0
e325.dat,3.0,0.261,0.00492,0.00102,0.0524,0.305,0.8489
goe677.dat,3.0,0.417,0.0071,0.00208,-0.005,0.0016,0.9184
e374.dat,3.0,0.5213,0.00405,0.00086,-0.0332,0.468,0.932
ah82150f.dat,3.0,0.8039,0.004,0.00135,-0.1066,0.6937,0.8463
sc20404.dat,3.0,0.5058,0.00691,0.00206,-0.046,0.0015,0.8308
goe229.dat,3.0,1.052,0.01266,0.00584,-0.1597,0.002,0.4134
dae21.dat,3.0,,,,,,
goe758.dat,3.0,0.8118,0.00678,0.00189,-0.0908,0.2847,0.6637
s1221.dat,3.0,1.1261,0.00752,0.00203,-0.1878,0.2806,0.3317
e398.dat,3.0,1.0686,0.00567,0.00155,-0.1685,0.501,0.5384
sa7025.dat,3.0,,,,,,
uag8814320.dat,3.0,1.0638,0.00427,0.00163,-0.1567,0.6399,0.9876
goe358.dat,3.0,1.0045,0.01009,0.00334,-0.1567,0.0021,0.3353
mh61.dat,3.0,0.384,0.00401,0.00079,0.0042,0.3788,0.9767
n64108.dat,3.0,0.4183,0.00654,0.00142,-0.0218,0.001,0.798
e1212.dat,3.0,0.7026,0.0075,0.00184,-0.0599,0.2634,0.2785
goe226.dat,3.0,1.3131,0.00873,0.00312,-0.2103,0.3065,0.3015
hs1620.dat,3.0,0.8656,0.01046,0.00449,-0.1148,0.2778,0.4041
s6061.dat,3.0,0.5182,0.00507,0.00107,-0.036,0.2623,0.8955
raf32.dat,3.0,0.827,0.00962,0.00335,-0.1197,0.0031,0.5794
fxs02196.dat,3.0,0.8145,0.01177,0.00439,-0.1028,0.0273,0.038
s2062.dat,3.0,0.5645,0.00579,0.00133,-0.0543,0.1507,0.8929
goe409.dat,3.0,0.2907,0.00701,0.00176,0.0087,0.0017,0.7785
sd2030.dat,3.0,0.6217,0.00549,0.00138,-0.0647,0.2452,0.9249
n2415.dat,3.0,,,,,,
hq108.dat,3.0,0.4623,0.00672,0.00148,-0.0293,0.0009,0.7935
ls417mod.dat,3.0,0.8443,0.00756,0.00259,-0.1024,0.2494,0.6596
rg15a213.dat,3.0,0.7164,0.00593,0.00149,-0.0817,0.3256,0.7005
goe553.dat,3.0,0.9046,0.00654,0.00177,-0.1058,0.3189,0.5918
clarym18.dat,3.0,0.7175,0.00721,0.00237,-0.0735,0.2819,0.6853
a63a108c.dat,3.0,0.3386,0.00583,0.00159,0.0014,0.0908,0.9745
fx63145.dat,3.0,0.9687,0.01046,0.00339,-0.1302,0.0732,0.096
ma409.dat,3.0,0.8567,0.00791,0.00284,-0.1017,0.0053,1.0
e694.dat,3.0,1.0409,0.00602,0.00269,-0.184,0.5998,0.7611
sg6040.dat,3.0,0.7511,0.00573,0.00145,-0.0964,0.4333,0.6085
sc20710.dat,3.0,0.8765,0.00893,0.00323,-0.1256,0.0283,0.68
fx60126.dat,3.0,0.8594,0.00695,0.00173,-0.1182,0.2599,0.4796
e71.dat,3.0,1.0136,0.00824,0.00279,-0.1685,0.0049,1.0
glennmartin4.dat,3.0,0.663,0.01031,0.0039,-0.0555,0.2955,0.0785
goe798.dat,3.0,0.958,0.00882,0.00291,-0.1322,0.3901,0.1167
fx38153.dat,3.0,0.6432,0.00841,0.00312,-0.081,0.1268,0.7585
s1210.dat,3.0,1.4818,0.00809,0.00291,-0.2628,0.3732,0.318
sc20606.dat,3.0,0.7161,0.00816,0.00287,-0.0868,0.0051,0.7637
sc21006.dat,3.0,1.1355,0.01082,0.00537,-0.1396,0.0005,0.8063
hq2511.dat,3.0,0.6842,0.00599,0.00139,-0.0759,0.2843,0.6924
naca2412.dat,3.0,0.5848,0.00541,0.00136,-0.0525,0.3142,0.8527
oaf102.dat,3.0,,,,,,
goe523.dat,3.0,1.5286,0.01017,0.00512,-0.26,0.3675,0.4317
naca23021.dat,3.0,0.4637,0.00797,0.00253,0.0006,0.1723,0.6054
vr7b.dat,3.0,0.5761,0.00517,0.00146,-0.0316,0.3812,0.8475
vr11x.dat,3.0,0.5335,0.00663,0.00223,-0.0258,0.1531,0.99
hor07.dat,3.0,0.7989,0.00874,0.00264,-0.0968,0.1288,0.3403
e341.dat,3.0,0.3999,0.00536,0.00163,0.0298,0.3173,0.9038
goe298.dat,3.0,0.8268,0.0083,0.0022,-0.0936,0.249,0.1043
naca001064.dat,3.0,0.3104,0.00617,0.00141,0.0045,0.0391,0.8934
ah82150a.dat,3.0,0.8295,0.00463,0.0012,-0.113,0.5782,0.7229
doa5.dat,3.0,0.6013,0.00809,0.00257,-0.0715,0.1345,0.6361
mh93.dat,3.0,0.3284,0.00544,0.00127,0.0343,0.2684,0.7824
goe124.dat,3.0,,,,,,
usa31.dat,3.0,0.9571,0.00937,0.0038,-0.1192,0.4198,0.0278
cootie.dat,3.0,,,,,,
ua79sfm.dat,3.0,0.5153,0.00333,0.00019,-0.046,1.3953,2.0559
e174.dat,3.0,0.7481,0.0043,0.00097,-0.0833,0.4316,1.0
coanda3.dat,3.0,0.6054,0.00601,0.00149,-0.0402,0.1602,0.9162
sc1094r8.dat,3.0,,,,,,
naca1.dat,3.0,0.3333,0.00735,0.00222,0.002,0.3032,0.5098
n64212mb.dat,3.0,0.5359,0.00666,0.00158,-0.0319,0.1451,0.6652
goe625.dat,3.0,1.0052,0.00862,0.00291,-0.1267,0.3576,0.2152
n642415.dat,3.0,0.7126,0.00526,0.00119,-0.0855,0.4647,0.6058
e591.dat,3.0,1.2812,0.00807,0.00285,-0.2034,0.33,0.4207
df101.dat,3.0,0.5698,0.00521,0.00126,-0.0468,0.2907,0.8993
goe563.dat,3.0,0.5763,0.00694,0.002,-0.0538,0.0025,0.9833
goe233.dat,3.0,1.264,0.01161,0.00463,-0.2126,0.0007,0.3053
goe474.dat,3.0,0.627,0.00694,0.00198,-0.0625,0.0029,0.9889
rc12b3.dat,3.0,0.4004,0.00483,0.0015,0.0047,0.412,0.9632
rc08n1.dat,3.0,0.3777,0.00414,0.00073,0.008,0.3475,0.9744
m10.dat,3.0,0.4815,0.0066,0.00197,-0.0257,0.0013,1.0
sc20412.dat,3.0,0.63,0.00792,0.00241,-0.0834,0.061,0.6576
e521.dat,3.0,0.3449,0.00526,0.00111,-0.0027,0.3267,0.7223
hs1606.dat,3.0,,,,,,
naca66209.dat,3.0,0.4889,0.00678,0.00165,-0.0404,0.0226,0.811
e554.dat,3.0,,,,,,
fx63120.dat,3.0,1.1326,0.01032,0.00383,-0.1822,0.0228,0.5249
mh116.dat,3.0,0.8595,0.00481,0.00136,-0.1187,0.4277,0.9883
ah79k132.dat,3.0,0.7289,0.00453,0.00127,-0.078,0.5195,0.8695
ag18.dat,3.0,,,,,,
goe478.dat,3.0,0.7859,0.00667,0.0016,-0.0897,0.3709,0.3747
goe481.dat,3.0,,,,,,
goe364.dat,3.0,,,,,,
goe407.dat,3.0,0.7299,0.00727,0.00135,-0.0668,0.3213,0.0648
mh94.dat,3.0,0.5649,0.00706,0.00191,-0.0493,0.194,0.6285
usa26.dat,3.0,0.6705,0.00917,0.00237,-0.0587,0.0141,0.3004
sc20714.dat,3.0,0.9343,0.00969,0.00378,-0.1425,0.0494,0.6306
e63.dat,3.0,,,,,,
mh108.dat,3.0,0.3266,0.00495,0.00093,0.0214,0.2652,0.8338
m20.dat,3.0,,,,,,
lwk80150k25.dat,3.0,0.2989,0.00566,0.00137,0.0075,0.307,0.7246
e360.dat,3.0,0.4383,0.0053,0.00115,-0.0056,0.2819,0.8202
stf86361.dat,3.0,0.8696,0.01195,0.0058,-0.1396,0.012,0.6431
goe535.dat,3.0,1.017,0.00734,0.00219,-0.1299,0.3221,0.3957
naca65209.dat,3.0,0.5013,0.00676,0.00157,-0.0421,0.0225,0.7804
s3021.dat,3.0,0.6338,0.00462,0.00108,-0.0546,0.3594,0.9933
rcsc2.dat,3.0,0.3834,0.00627,0.00158,-0.0143,0.0642,0.9062
usnps4.dat,3.0,0.9727,0.00702,0.00262,-0.129,0.2776,1.0
b737c.dat,3.0,0.4707,0.0054,0.00092,-0.0192,0.3136,0.6794
hq2010.dat,3.0,,,,,,
usa35.dat,3.0,,,,,,
n64212ma.dat,3.0,0.6317,0.008,0.00241,-0.0485,0.0495,0.668
c5d.dat,3.0,0.5334,0.00689,0.0018,-0.0543,0.0979,0.7985
mh23.dat,3.0,0.412,0.00498,0.0012,-0.0117,0.2622,0.9794
amsoil1.dat,3.0,0.5802,0.00688,0.002,-0.0527,0.131,0.8133
naca23024.dat,3.0,0.2783,0.00771,0.00265,0.0425,0.2769,0.5519
e502.dat,3.0,0.4866,0.00434,0.00092,-0.0251,0.5718,0.7274
fx61140.dat,3.0,0.8851,0.00655,0.00178,-0.1261,0.2975,0.6595
clarkysm.dat,3.0,,,,,,
hq258.dat,3.0,0.6626,0.00742,0.00193,-0.074,0.0011,0.7906
goe14.dat,3.0,0.9907,0.00781,0.00196,-0.1051,0.2868,0.0531
hq109.dat,3.0,0.4625,0.00694,0.00157,-0.0291,0.0012,0.7581
hq1010.dat,3.0,0.4661,0.00646,0.00136,-0.0293,0.0956,0.7314
ua79sf18.dat,3.0,0.6589,0.00869,0.00415,-0.0843,0.3821,0.6529
goe322.dat,3.0,0.9292,0.00792,0.00209,-0.0959,0.307,0.1663
e556.dat,3.0,0.8748,0.00644,0.00165,-0.1321,0.386,0.4626
ls013.dat,3.0,,,,,,
usa33.dat,3.0,0.6683,0.00817,0.00202,-0.0357,0.2599,0.1092
naca4421.dat,3.0,0.8258,0.00717,0.00239,-0.0952,0.3963,0.5082
e475.dat,3.0,0.3296,0.00697,0.0015,0.0038,0.2023,0.4454
k1.dat,3.0,0.6359,0.00807,0.00222,-0.0865,0.0157,0.6062
e1098.dat,3.0,0.9031,0.00531,0.00141,-0.1306,0.5685,0.5345
amsoil2.dat,3.0,0.4777,0.00699,0.00192,-0.0338,0.0789,0.7775
e335.dat,3.0,0.2884,0.005,0.00134,0.0527,0.311,0.9122
e584.dat,3.0,0.8724,0.00514,0.00176,-0.1049,0.5309,0.8269
e562.dat,3.0,0.9334,0.00677,0.00178,-0.1415,0.359,0.4364
goe617.dat,3.0,0.4333,0.00602,0.00164,-0.0085,0.2031,0.8876
b737d.dat,3.0,0.4904,0.00545,0.00107,-0.0242,0.2989,0.7426
goe681.dat,3.0,0.7368,0.00794,0.00223,-0.0705,0.2671,0.3229
goe234.dat,3.0,1.3952,0.0134,0.00622,-0.2432,0.0007,0.2982
hq3012.dat,3.0,0.7434,0.00663,0.0017,-0.0884,0.2415,0.668
nacacyh.dat,3.0,0.644,0.00548,0.00161,-0.0283,0.2832,0.9699
hq1512.dat,3.0,0.5393,0.00639,0.00143,-0.044,0.1886,0.6812
s1046.dat,3.0,0.3481,0.00598,0.00123,-0.0012,0.3148,0.533
n1h15.dat,3.0,0.7005,0.00426,0.00182,-0.0539,0.6102,0.9775
naca663418.dat,3.0,0.7138,0.00438,0.00124,-0.0902,0.6536,0.7047
e182.dat,3.0,0.4076,0.00458,0.00093,-0.0018,0.2741,0.9947
e546.dat,3.0,0.6104,0.00534,0.00126,-0.0557,0.4411,0.6704
nlr1t.dat,3.0,0.4344,0.00607,0.00175,-0.0111,0.138,0.9867
e473.dat,3.0,0.339,0.0071,0.00142,0.0032,0.228,0.3299
goe801.dat,3.0,0.9872,0.00766,0.00179,-0.1246,0.3308,0.0278
e333.dat,3.0,0.5528,0.00506,0.00134,-0.0123,0.3325,0.9256
m22.dat,3.0,,,,,,
ls413.dat,3.0,0.8587,0.00822,0.00275,-0.1184,0.1286,0.6809
fx76mp160.dat,3.0,1.1004,0.00778,0.00243,-0.1704,0.4101,0.1928
fx84w175.dat,3.0,0.861,0.00533,0.00165,-0.1113,0.4991,0.7288
goe632.dat,3.0,0.5324,0.00516,0.0015,-0.0168,0.3627,0.9294
p51droot.dat,3.0,0.5223,0.00561,0.00129,-0.042,0.4129,0.5917
s3024.dat,3.0,0.7199,0.00477,0.00124,-0.0767,0.377,0.9979
hq259b.dat,3.0,0.6923,0.00732,0.00188,-0.0806,0.0647,0.7279
goe613.dat,3.0,,,,,,
goe525.dat,3.0,1.5286,0.01017,0.00512,-0.26,0.3675,0.4317
e342.dat,3.0,0.4913,0.00551,0.00172,0.0086,0.3248,0.9006
s9104BTE.dat,3.0,2.1592,0.01259,0.0073,-0.4139,0.3772,0.0241
clarkz.dat,3.0,0.7623,0.00671,0.00218,-0.0845,0.1845,0.9854
goe116.dat,3.0,,,,,,
goe431.dat,3.0,1.1078,0.01167,0.0044,-0.1819,0.0016,0.1569
ah93k132.dat,3.0,0.538,0.00419,0.00168,-0.0249,0.6152,0.9703
goe188.dat,3.0,0.7749,0.00542,0.00147,-0.077,0.3192,1.0
ag38.dat,3.0,0.6894,0.00624,0.00177,-0.047,0.1245,1.0
coanda2.dat,3.0,0.5898,0.00882,0.00192,-0.0332,0.0079,0.0731
goe387.dat,3.0,0.8406,0.00694,0.00195,-0.0876,0.3429,0.482
ah80129.dat,3.0,0.6982,0.00375,0.00097,-0.0697,0.5833,0.9504
goe329.dat,3.0,,,,,,
p51dtip.dat,3.0,0.4663,0.00751,0.00199,-0.033,0.0026,0.7028
ag46ct02r.dat,3.0,0.5048,0.00498,0.00094,-0.028,0.1796,1.0
giiib.dat,3.0,0.3246,0.00556,0.00117,0.0121,0.1455,0.9018
goe550.dat,3.0,0.7855,0.00985,0.00292,-0.1055,0.0012,0.2561
fx66a175.dat,3.0,0.8573,0.00631,0.00154,-0.1044,0.4034,0.4765
e67.dat,3.0,0.8698,0.00551,0.0015,-0.1297,0.4303,0.7302
e421.dat,3.0,1.2754,0.00758,0.00238,-0.1841,0.4022,0.2162
hs1712.dat,3.0,1.0647,0.01141,0.00442,-0.1643,0.0604,0.3513
fx69pr281.dat,3.0,0.9778,0.01057,0.00467,-0.1319,0.2613,0.2298
fx72150b.dat,3.0,1.5446,0.00719,0.00287,-0.2688,0.4988,0.5057
goe227.dat,3.0,1.2839,0.01281,0.00571,-0.2202,0.001,0.3238
sd7084.dat,3.0,0.586,0.00499,0.0012,-0.0474,0.2876,0.9898
ah79100c.dat,3.0,1.1878,0.00535,0.0021,-0.2048,0.5323,1.0
goe140.dat,3.0,0.883,0.01013,0.00291,-0.0996,0.0022,0.0695
hq209.dat,3.0,0.5959,0.0074,0.00187,-0.0583,0.0011,0.7549
ah63k127.dat,3.0,0.8175,0.00424,0.00104,-0.106,0.5766,0.8111
s102s.dat,3.0,0.6885,0.00751,0.00211,-0.081,0.1774,0.5884
fx75193.dat,3.0,0.9293,0.00555,0.00204,-0.1436,0.5749,0.6686
tempest1.dat,3.0,0.3682,0.00455,0.00106,-0.0044,0.452,0.8396
s8066.dat,3.0,0.4487,0.00569,0.00121,-0.0281,0.2047,0.7944
goe533.dat,3.0,0.9048,0.00665,0.00186,-0.1074,0.3011,0.6322
fx73170.dat,3.0,0.9478,0.00481,0.00131,-0.1437,0.621,0.633
supermarine371i.dat,3.0,0.4332,0.00534,0.0011,-0.0215,0.3827,0.671
n0012.dat,3.0,0.3368,0.00567,0.00117,0.0006,0.2101,0.7651
naca652415a05.dat,3.0,0.6651,0.00437,0.00102,-0.0646,0.5623,0.7399
naca654221.dat,3.0,0.5425,0.00515,0.00133,-0.0475,0.539,0.5951
goe531.dat,3.0,1.3905,0.01103,0.0066,-0.2516,0.5826,0.0625
s9032.dat,3.0,0.3327,0.00548,0.00098,0.002,0.154,0.7818
ste87391.dat,3.0,0.9244,0.00988,0.00457,-0.1492,0.1827,0.7405
e1211.dat,3.0,0.8776,0.00784,0.00214,-0.0977,0.2762,0.2472
sd5060.dat,3.0,0.5875,0.00542,0.00119,-0.0501,0.2506,0.8298
goe679.dat,3.0,0.6629,0.00783,0.00235,-0.0594,0.3291,0.3195
naca644221.dat,3.0,0.5458,0.00567,0.00144,-0.0456,0.472,0.5248
e169.dat,3.0,0.3479,0.00587,0.00101,-0.0003,0.3026,0.4909
goe548.dat,3.0,0.503,0.00751,0.00233,-0.0444,0.0018,0.8616
ah93w480b.dat,3.0,0.9779,0.04578,0.03962,-0.1653,0.465,0.6441
goe670.dat,3.0,0.6472,0.00745,0.00237,-0.0676,0.0023,0.9758
goe255.dat,3.0,0.8453,0.00489,-0.00188,-0.1073,0.0016,0.3999
eiffel371.dat,3.0,0.6234,0.00706,0.00194,-0.037,0.2778,0.5569
du8608418.dat,3.0,0.4332,0.00554,0.00137,-0.017,0.199,0.8944
e553.dat,3.0,0.8217,0.00619,0.00156,-0.1131,0.4261,0.4691
ch10sm.dat,3.0,1.6011,0.00694,0.0028,-0.2892,0.5493,0.4778
ames02.dat,3.0,0.3382,0.00583,0.00159,0.0014,0.0905,0.9739
clarkw.dat,3.0,0.693,0.00919,0.00259,-0.0754,0.0016,0.4125
goe675.dat,3.0,1.0259,0.00787,0.00247,-0.143,0.3556,0.3038
oa212.dat,3.0,0.456,0.00562,0.00183,-0.0079,0.3108,0.897
l1003.dat,3.0,0.6988,0.01477,0.00817,-0.0396,0.0041,0.0593
naca634421.dat,3.0,0.7275,0.00592,0.00162,-0.0839,0.4452,0.53
goe777.dat,3.0,0.8843,0.0076,0.00278,-0.0674,0.3127,0.6433
naca0015.dat,3.0,0.3412,0.00604,0.00136,0.0001,0.2548,0.6672
naca633618.dat,3.0,0.8994,0.00579,0.0016,-0.1238,0.4635,0.5588
ag10.dat,3.0,,,,,,
ah80140.dat,3.0,0.6598,0.00458,0.0011,-0.0404,0.435,0.8565
n63215.dat,3.0,0.5363,0.00518,0.00105,-0.0445,0.422,0.609
oaf128.dat,3.0,0.5071,0.0075,0.00227,-0.0322,0.2185,0.4748
fx73k170.dat,3.0,0.9438,0.00505,0.00137,-0.1407,0.5848,0.6108
nlf1015.dat,3.0,1.1178,0.00497,0.00156,-0.1956,0.6312,0.655
mh26.dat,3.0,0.4218,0.00487,0.00131,-0.0168,0.3838,0.9336
goe693.dat,3.0,0.6987,0.00822,0.00286,-0.0816,0.0013,0.9167
cast102.dat,3.0,,,,,,
goe619.dat,3.0,0.772,0.01002,0.00321,-0.0916,0.0017,0.3277
goe319.dat,3.0,0.8744,0.00826,0.00194,-0.0838,0.2233,0.0303
isa962.dat,3.0,,,,,,
e201.dat,3.0,0.7127,0.00481,0.00107,-0.0818,0.4546,0.7654
goe288.dat,3.0,1.0289,0.00859,0.00283,-0.1422,0.2688,0.3667
kc135d.dat,3.0,0.5227,0.00495,0.00111,-0.0312,0.2746,0.962
s1010.dat,3.0,0.3218,0.00529,0.00098,0.0036,0.0781,0.9205
e171.dat,3.0,0.3376,0.00539,0.00093,-0.0005,0.3134,0.6354
ag35.dat,3.0,0.763,0.00601,0.00177,-0.0479,0.1839,1.0
clarkys.dat,3.0,0.3058,0.00196,-0.00183,0.0381,0.2922,0.893
gm15sm.dat,3.0,,,,,,
fx77w343.dat,3.0,0.9726,0.01068,0.00553,-0.091,0.3582,0.4872
sc2110.dat,3.0,0.4977,0.00605,0.00158,-0.0175,0.1561,0.875
ag17.dat,3.0,0.5822,0.00511,0.00107,-0.0517,0.1967,1.0
e837.dat,3.0,0.3242,0.00718,0.00176,-0.0002,0.1006,0.6282
goe477.dat,3.0,,,,,,
n5h20.dat,3.0,0.5129,0.00531,0.00203,0.004,0.4939,0.8408
sd7062.dat,3.0,0.8163,0.00618,0.00168,-0.0874,0.3171,0.683
ah93157.dat,3.0,0.7518,0.00481,0.0016,-0.0792,0.535,0.863
goe422.dat,3.0,1.057,0.00823,0.00317,-0.1423,0.3154,0.6012
fx68h120.dat,3.0,0.4545,0.00564,0.0015,-0.0084,0.201,0.9341
sc20414.dat,3.0,0.6685,0.00819,0.00265,-0.093,0.0778,0.6397
goe502.dat,3.0,1.0335,0.0071,0.00204,-0.157,0.4103,0.2924
c5c.dat,3.0,0.5263,0.00697,0.00185,-0.0545,0.0894,0.8095
ht08.dat,3.0,0.3364,0.00554,0.00122,0.0005,0.035,1.0
naca633018.dat,3.0,0.3611,0.00528,0.00109,-0.0048,0.4294,0.5683
s1020.dat,3.0,1.0219,0.00592,0.00174,-0.1624,0.4944,0.5862
e858.dat,3.0,0.8641,0.0081,0.00278,-0.1019,0.321,0.4235
ah94156.dat,3.0,0.7441,0.00465,0.00153,-0.0812,0.5692,0.8428
e587.dat,3.0,1.0332,0.00551,0.00168,-0.1622,0.5363,0.6427
s2027.dat,3.0,0.6611,0.00553,0.00125,-0.0608,0.3845,0.6538
n0011sc.dat,3.0,,,,,,
e423.dat,3.0,1.452,0.00742,0.00258,-0.2383,0.4864,0.1778
goe494.dat,3.0,,,,,,
n6409.dat,3.0,,,,,,
ag19.dat,3.0,,,,,,
goe228.dat,3.0,1.2651,0.00973,0.00387,-0.1986,0.2681,0.381
goe547.dat,3.0,0.7325,0.00866,0.00262,-0.0968,0.003,0.6347
goe178.dat,3.0,0.7853,0.00873,0.00242,-0.0908,0.0032,0.4947
goe121.dat,3.0,0.8332,0.00927,0.00228,-0.106,0.0027,0.106
e544.dat,3.0,0.6449,0.00507,0.00124,-0.0663,0.5121,0.6671
r140.dat,3.0,0.3472,0.00902,0.00188,-0.0025,0.002,0.087
c141b.dat,3.0,0.462,0.00635,0.00167,-0.0332,0.18,0.8104
sd8020.dat,3.0,0.3197,0.00533,0.00099,0.0041,0.2018,0.8021
naca16018.dat,3.0,0.1699,0.00479,0.00166,0.0359,0.586,0.8634
e339.dat,3.0,0.6578,0.00554,0.0017,-0.0343,0.3414,0.9058
c141a.dat,3.0,0.4558,0.00646,0.0017,-0.032,0.181,0.785
lnv109a.dat,3.0,0.7592,0.00668,0.00131,-0.0491,0.3749,0.0441
mh81.dat,3.0,0.5333,0.00528,0.00139,0.0003,0.2497,0.9235
clarkk.dat,3.0,,,,,,
npl9660.dat,3.0,0.4339,0.00577,0.0014,-0.0132,0.1752,0.8737
m5.dat,3.0,0.3778,0.00654,0.00181,0.0076,0.003,0.9808
e403.dat,3.0,0.8073,0.00853,0.00291,-0.1346,0.1513,0.5996
ht22.dat,3.0,0.4217,0.0052,0.001,-0.0089,0.0982,1.0032
rae102.dat,3.0,0.3222,0.00575,0.00106,0.0024,0.1493,0.7436
goe484.dat,3.0,0.8851,0.00901,0.00249,-0.1303,0.0015,0.39
goe703.dat,3.0,0.2979,0.00513,0.00157,0.0298,0.4127,0.8511
rc1264c.dat,3.0,0.3994,0.00606,0.00156,-0.0103,0.1532,0.8916
naca2408.dat,3.0,0.5668,0.00652,0.0017,-0.0516,0.0293,1.0
r1080.dat,3.0,0.7044,0.00485,0.00138,-0.0693,0.5483,0.7572
giiih.dat,3.0,,,,,,
ag27.dat,3.0,,,,,,
goe289.dat,3.0,0.8837,0.00761,0.00226,-0.1083,0.3351,0.3869
naca66206.dat,3.0,0.4915,0.00628,0.00155,-0.0409,0.0135,0.8953
goe481a.dat,3.0,0.6545,0.00854,0.00273,-0.0704,0.3564,0.1262
hq1510.dat,3.0,0.5308,0.00717,0.0017,-0.0436,0.0287,0.7283
goe546.dat,3.0,0.7511,0.0078,0.0026,-0.0934,0.0009,0.9895
wb13535sm.dat,3.0,0.7101,0.00696,0.00166,-0.0789,0.2892,0.4457
goe482.dat,3.0,1.3568,0.00881,0.00338,-0.2043,0.3308,0.3212
ms313.dat,3.0,0.7457,0.00789,0.00249,-0.0886,0.1205,0.6894
as5048.dat,3.0,0.6402,0.00594,0.00156,-0.0657,0.42,0.6356
goe342.dat,3.0,,,,,,
e399.dat,3.0,1.0649,0.00576,0.00158,-0.1699,0.5015,0.5089
sc20518.dat,3.0,0.7963,0.00908,0.00336,-0.1157,0.0992,0.5883
e420.dat,3.0,1.4745,0.00838,0.00327,-0.2318,0.4273,0.1877
k3311sm.dat,3.0,0.7154,0.0046,0.00117,-0.0782,0.4125,0.9707
sd6060.dat,3.0,0.5117,0.00456,0.00095,-0.0314,0.3796,0.8825
e326.dat,3.0,0.3549,0.00508,0.00111,0.0301,0.313,0.8424
raf26.dat,3.0,,,,,,
dormoy.dat,3.0,,,,,,
mh82.dat,3.0,0.6075,0.00541,0.00152,-0.015,0.2566,0.9334
naca634221.dat,3.0,0.5489,0.00569,0.00143,-0.0453,0.4446,0.5334
nl722362.dat,3.0,0.4277,0.0062,0.00194,-0.0093,0.1409,0.9746
hq3510.dat,3.0,0.8063,0.00686,0.00181,-0.1036,0.1952,0.7195
goe441.dat,3.0,1.3481,0.0086,0.00305,-0.2119,0.3458,0.2283
e1213.dat,3.0,0.5291,0.00724,0.00163,-0.0213,0.2486,0.3121
goe508.dat,3.0,0.8678,0.00623,0.00191,-0.0956,0.4219,0.6087
fx61184.dat,3.0,0.9273,0.00571,0.00162,-0.1345,0.4841,0.5808
e422.dat,3.0,1.0493,0.00701,0.00182,-0.1254,0.3767,0.2633
naca65410.dat,3.0,,,,,,
goe446.dat,3.0,1.03,0.01048,0.00371,-0.1521,0.1202,0.2505
e224.dat,3.0,0.5857,0.00537,0.00115,-0.0574,0.295,0.7888
fx66s161.dat,3.0,0.8333,0.00576,0.00131,-0.1018,0.4457,0.5114
naca4418.dat,3.0,0.8381,0.00674,0.00208,-0.1006,0.3906,0.5627
fxl142k.dat,3.0,0.3358,0.00623,0.00117,0.0014,0.2333,0.5281
goe418.dat,3.0,0.8407,0.008,0.00194,-0.091,0.2553,0.1094
goe566.dat,3.0,0.6116,0.00704,0.00205,-0.054,0.0016,0.9963
n5h15.dat,3.0,0.3293,0.00773,0.00274,0.0236,0.0021,0.8807
n8h12.dat,3.0,0.4966,0.00442,0.00123,0.0034,0.4014,0.9854
goe137.dat,3.0,,,,,,
nlf0115.dat,3.0,0.5896,0.00637,0.00163,-0.0513,0.3079,0.6581
fx63158.dat,3.0,0.9677,0.0109,0.00377,-0.138,0.0527,0.1521
fx78k161.dat,3.0,0.5256,0.00422,0.00115,-0.0257,0.5692,0.8274
vr13.dat,3.0,0.4663,0.00572,0.00156,-0.0059,0.1756,0.9906
ag46c03.dat,3.0,0.3962,0.00437,0.00067,-0.0248,0.2586,1.003
fx76mp140.dat,3.0,1.2043,0.00563,0.00203,-0.1925,0.529,0.7622
ah7476.dat,3.0,1.182,0.01114,0.00384,-0.1988,0.002,0.0268
fx72ls160.dat,3.0,1.3222,0.00532,0.00214,-0.2044,0.5592,0.8995
e817.dat,3.0,0.7536,0.00789,0.00227,-0.1247,0.1059,0.5531
goe767.dat,3.0,0.4139,0.00592,0.00126,0.0063,0.1913,0.6975
fx77w270s.dat,3.0,0.7138,0.00785,0.00321,-0.0463,0.3761,0.6303
e862.dat,3.0,0.39,0.00819,0.00292,-0.0103,0.3485,0.396
la2573a.dat,3.0,0.4105,0.00465,0.00108,0.0234,0.3587,0.8513
goe423.dat,3.0,0.8487,0.00573,0.00186,-0.1046,0.4597,0.7784
e336.dat,3.0,0.379,0.0053,0.00154,0.0311,0.3064,0.91
e551.dat,3.0,0.7882,0.00592,0.00144,-0.1038,0.4573,0.4819
mh104.dat,3.0,0.4277,0.00532,0.0011,0.0035,0.3486,0.6986
naca642215.dat,3.0,0.5341,0.00513,0.00103,-0.0448,0.4436,0.6068
mh42.dat,3.0,0.503,0.0044,0.00089,-0.027,0.3281,0.9895
goe167.dat,3.0,,,,,,
fx78k140.dat,3.0,0.6879,0.00351,0.00093,-0.0623,0.625,0.9513
giiii.dat,3.0,0.4365,0.00574,0.00122,-0.0148,0.1159,0.8953
goe490.dat,3.0,0.6749,0.0089,0.00216,-0.0653,0.0027,0.3035
goe648.dat,3.0,0.7489,0.007,0.00207,-0.0686,0.2551,0.6486
arad13.dat,3.0,0.7155,0.00734,0.00298,-0.0545,0.2034,0.9589
rc1064c.dat,3.0,0.4405,0.00816,0.00159,-0.0189,0.1042,0.1996
pt40.dat,3.0,0.6828,0.00846,0.00194,-0.0716,0.1693,0.0658
august160.dat,3.0,0.6822,0.00597,0.00188,-0.0215,0.2775,0.9049
e220.dat,3.0,0.4496,0.00394,0.00101,-0.0057,0.4937,0.9766
sd7043.dat,3.0,0.7821,0.00562,0.00153,-0.0951,0.2744,0.9155
stcyr24.dat,3.0,,,,,,
rg1410.dat,3.0,0.5211,0.00632,0.00151,-0.0378,0.1127,0.8504
s1016.dat,3.0,0.3121,0.00609,0.00194,0.0032,0.307,0.7698
e176.dat,3.0,0.6639,0.00408,0.00086,-0.063,0.4375,1.0
e593.dat,3.0,0.6637,0.00436,0.00103,-0.0344,0.3824,0.9975
goe426.dat,3.0,0.8057,0.00917,0.00317,-0.0959,0.0014,0.6732
rae5215.dat,3.0,0.5824,0.00724,0.0018,-0.0605,0.0824,0.6364
drgnfly.dat,3.0,0.9323,0.00511,0.002,-0.1063,0.5036,0.9703
r1046.dat,3.0,0.9805,0.00522,0.00204,-0.1218,0.5057,0.9512
goe408.dat,3.0,,,,,,
sd7032.dat,3.0,0.7952,0.00537,0.00144,-0.0946,0.3259,0.9082
fx74modsm.dat,3.0,1.5828,0.00065,-0.00379,-0.2607,0.3998,0.6711
rae5212.dat,3.0,0.5944,0.00754,0.0019,-0.0635,0.0783,0.6154
goe285.dat,3.0,0.7064,0.00648,0.00193,-0.0692,0.2045,0.9027
bacj.dat,3.0,0.6171,0.00782,0.00227,-0.0868,0.0221,0.6823
fx61147.dat,3.0,0.9494,0.00641,0.00184,-0.137,0.3532,0.6597
dbln526.dat,3.0,,,,,,
e851.dat,3.0,0.6716,0.00732,0.00185,-0.0952,0.0799,0.6364
naca16006.dat,3.0,0.2899,0.00601,0.00163,0.0085,0.0029,0.9784
cr001sm.dat,3.0,0.8409,0.0052,0.00137,-0.1135,0.3382,1.0
hq3512.dat,3.0,0.8089,0.00682,0.00186,-0.1026,0.2435,0.676
chen.dat,3.0,0.7393,0.01017,0.00452,-0.02,0.3078,0.0518
oaf117.dat,3.0,0.6192,0.00719,0.00214,-0.0576,0.2692,0.4745
usa51.dat,3.0,0.5818,0.00268,-0.00224,-0.0444,0.0024,0.9918
goe549.dat,3.0,0.8256,0.00593,0.00155,-0.0931,0.3731,0.6832
joukowsk.dat,3.0,0.3513,0.00588,0.00105,-0.0005,0.2021,0.5876
s9037.dat,3.0,0.7324,0.00495,0.00123,-0.0792,0.3353,1.0
naca63a210.dat,3.0,0.4779,0.0075,0.00264,-0.0341,0.1646,0.7558
fx66182.dat,3.0,0.8241,0.00573,0.00145,-0.0992,0.4592,0.5802
e1200.dat,3.0,0.8698,0.006,0.00183,-0.1166,0.4346,0.6622
fx71120.dat,3.0,0.317,0.00731,0.00178,0.0068,0.0548,0.5927
hor04.dat,3.0,0.5258,0.00686,0.00221,-0.0437,0.0262,1.0
fx67k170.dat,3.0,0.9145,0.00464,0.00141,-0.1184,0.5839,0.7902
e541.dat,3.0,0.6121,0.00435,0.00119,-0.0608,0.6149,0.7555
n11.dat,3.0,0.9785,0.00651,0.00225,-0.1023,0.2613,1.0
naca001034a08cli0.2.dat,3.0,0.49,0.00553,0.00138,-0.0395,0.2244,0.9364
mh78.dat,3.0,0.3575,0.00546,0.00145,0.0449,0.2055,0.8828
e543.dat,3.0,0.6085,0.00502,0.0013,-0.0547,0.511,0.7115
eh2012.dat,3.0,0.4224,0.00478,0.00099,0.0024,0.3215,0.8803
hq3010.dat,3.0,,,,,,
naca651212.dat,3.0,0.5049,0.00672,0.00161,-0.0422,0.1192,0.7049
e664.dat,3.0,0.7528,0.00501,0.00154,-0.0923,0.5392,0.7668
giiij.dat,3.0,0.4445,0.00526,0.00111,-0.0147,0.1925,0.9119
s6062.dat,3.0,0.4883,0.00594,0.00136,-0.0312,0.0642,0.9607
nacam3.dat,3.0,0.3336,0.00613,0.00141,0.0003,0.1312,0.8086
sc20402.dat,3.0,,,,,,
goe704.dat,3.0,0.4313,0.00747,0.00233,-0.0059,0.0014,0.9002
e330.dat,3.0,0.2719,0.00461,0.00098,0.0536,0.306,0.9215
goe336.dat,3.0,0.759,0.00831,0.00182,-0.0671,0.184,0.1042
goe802b.dat,3.0,1.0008,0.00825,0.00244,-0.122,0.3309,0.0304
goe425.dat,3.0,0.8132,0.00618,0.00152,-0.0864,0.3972,0.536
ls417.dat,3.0,0.8896,0.0083,0.0031,-0.1237,0.2122,0.6628
sc20403.dat,3.0,,,,,,
m3.dat,3.0,0.327,0.00705,0.0018,0.0011,0.0011,0.808
usa46.dat,3.0,,,,,,
ah83159.dat,3.0,0.8108,0.00458,0.00141,-0.098,0.5829,0.8098
goe460.dat,3.0,0.2261,0.00718,0.00195,0.0234,0.2249,0.5624
goe570.dat,3.0,,,,,,
naca654421a05.dat,3.0,0.6883,0.00521,0.00148,-0.0675,0.552,0.6125
e433.dat,3.0,0.9427,0.00531,0.0016,-0.1388,0.5127,0.7453
fx05188.dat,3.0,0.8648,0.00529,0.00158,-0.128,0.5297,0.6635
ah93w215.dat,3.0,0.6395,0.00568,0.00148,-0.0587,0.4516,0.5921
goe225.dat,3.0,1.2817,0.01197,0.00502,-0.2138,0.069,0.3032
goe243.dat,3.0,1.4872,0.01026,0.00459,-0.2432,0.2839,0.3509
raf69.dat,3.0,0.3433,0.00946,0.00323,-0.0033,0.0021,0.5215
e417.dat,3.0,0.7661,0.00947,0.0033,-0.1291,0.0021,0.6008
e855.dat,3.0,0.8868,0.00603,0.00151,-0.1268,0.4436,0.5101
rae100.dat,3.0,0.3295,0.0056,0.001,0.0028,0.1758,0.7304
mh201.dat,3.0,0.8049,0.00619,0.00172,-0.1087,0.3296,0.7231
ah93k130.dat,3.0,0.5677,0.00438,0.00181,-0.0311,0.6008,0.9784
raf34.dat,3.0,0.3769,0.00618,0.0017,0.0078,0.1106,0.944
goe29b.dat,3.0,0.9685,0.00871,0.00233,-0.1082,0.1939,0.0535
marske7.dat,3.0,0.3811,0.00373,0.00119,0.0176,0.5984,0.9789
ag26.dat,3.0,0.6477,0.00518,0.00115,-0.0654,0.2265,1.0
coanda1.dat,3.0,0.5484,0.00865,0.00171,-0.0294,0.0121,0.0761
mb253515sm.dat,3.0,0.5463,0.00504,0.00116,-0.0369,0.4193,0.7823
fx711520.dat,3.0,0.3326,0.00768,0.00203,0.0008,0.0113,0.6001
fx60100sm.dat,3.0,,,,,,
goe12k.dat,3.0,0.4923,0.00872,0.00295,-0.0485,0.2281,0.4071
bqm34.dat,3.0,0.3228,0.00568,0.00107,0.0033,0.1507,0.7658
hs1430.dat,3.0,0.4888,0.0163,0.0088,-0.0338,0.1651,0.2124
goe567.dat,3.0,0.9261,0.0104,0.00376,-0.1362,0.0011,0.4245
rae103.dat,3.0,0.3166,0.00587,0.00111,0.0031,0.1322,0.7503
c5b.dat,3.0,0.5126,0.00699,0.00181,-0.0521,0.0945,0.7764
mh80.dat,3.0,0.4552,0.00516,0.00127,0.0163,0.2426,0.9156
sa7035.dat,3.0,0.6374,0.00492,0.00117,-0.0609,0.3041,0.9865
s8055.dat,3.0,0.5539,0.00558,0.00135,-0.0404,0.2955,0.8018
e560.dat,3.0,1.0387,0.00724,0.00207,-0.1628,0.3572,0.366
goe796.dat,3.0,0.7216,0.00576,0.00171,-0.0841,0.3249,0.8996
fx75141.dat,3.0,0.8618,0.00517,0.00137,-0.1256,0.5002,0.6758
naca747a415.dat,3.0,0.5862,0.00469,0.0012,-0.0344,0.4779,0.8172
hsnlf213.dat,3.0,0.4595,0.00612,0.00201,-0.0162,0.3432,0.756
sd7037.dat,3.0,0.707,0.00511,0.00129,-0.077,0.3011,1.0
goe328.dat,3.0,0.7497,0.00951,0.00234,-0.0827,0.0015,0.0594
ht05.dat,3.0,0.3372,0.00668,0.00131,0.0007,0.0382,0.6305
mue139.dat,3.0,0.7596,0.0078,0.00179,-0.0572,0.2493,0.1364
goe63.dat,3.0,1.0433,0.00824,0.00227,-0.1288,0.28,0.0272
sd6080.dat,3.0,0.7377,0.00448,0.00107,-0.0796,0.4064,1.0
e520.dat,3.0,0.3519,0.00516,0.00106,-0.0038,0.3794,0.6701
ah79100b.dat,3.0,1.2615,0.00622,0.00198,-0.2172,0.4535,0.6392
e393.dat,3.0,0.9003,0.00538,0.00129,-0.1281,0.4395,0.6735
pfcm.dat,3.0,0.5099,0.00693,0.00168,-0.0434,0.0009,0.8269
e1214.dat,3.0,0.543,0.00732,0.00182,-0.0217,0.2673,0.3633
ssca09.dat,3.0,0.4333,0.00571,0.00134,-0.0127,0.1577,0.8849
goe654.dat,3.0,0.859,0.00646,0.00205,-0.088,0.2977,0.7995
goe323.dat,3.0,0.7688,0.00721,0.00137,-0.0566,0.3084,0.0485
stcyr234.dat,3.0,1.0681,0.01094,0.00506,-0.0761,0.1805,0.37
goe615.dat,3.0,0.8893,0.00715,0.00223,-0.0995,0.2849,0.6314
naca671215.dat,3.0,0.3849,0.00605,0.00199,-0.017,0.3513,0.812
supermarine371ii.dat,3.0,,,,,,
mh32.dat,3.0,0.6219,0.00485,0.00112,-0.0592,0.3031,1.0
sc20012.dat,3.0,0.3457,0.00688,0.00169,-0.0024,0.089,0.7119
c5a.dat,3.0,0.4502,0.00706,0.00174,-0.0396,0.0996,0.7038
fx66h80.dat,3.0,0.415,0.00421,0.00081,0.0116,0.344,0.9924
s4083.dat,3.0,0.7702,0.00509,0.00121,-0.0888,0.3059,1.0
goe501.dat,3.0,1.0375,0.01075,0.00395,-0.1596,0.0352,0.3391
goe372.dat,3.0,,,,,,
jx-gs-10.dat,3.0,0.4961,0.00482,0.00094,-0.0276,0.2249,0.9975
hq1585.dat,3.0,0.5292,0.00712,0.00173,-0.0446,0.0016,0.7611
e545.dat,3.0,,,,,,
eiffel428.dat,3.0,,,,,,
hq1012.dat,3.0,0.4723,0.00609,0.00128,-0.0297,0.2087,0.6833
fx74cl5140.dat,3.0,,,,,,
c141e.dat,3.0,0.5579,0.00632,0.00184,-0.0511,0.1363,0.9526
fx73170a.dat,3.0,0.9208,0.00494,0.00162,-0.1229,0.5824,0.798
ah93w174.dat,3.0,0.8199,0.00543,0.00145,-0.098,0.45,0.6792
naca001234.dat,3.0,0.3173,0.00523,0.00112,0.0015,0.2872,0.8413
sc1012r8.dat,3.0,0.6006,0.0068,0.00212,-0.0305,0.1247,0.8841
goe238.dat,3.0,0.7925,0.00656,0.00108,-0.0695,0.3873,0.0457
fx66s196.dat,3.0,0.8502,0.0059,0.00163,-0.1116,0.502,0.5272
usa45m.dat,3.0,0.5756,0.00265,-0.00206,-0.031,0.101,0.9413
s4096.dat,3.0,0.6458,0.01386,0.00986,-0.0628,0.3202,1.0006
e222.dat,3.0,0.7222,0.00566,0.00136,-0.0914,0.3117,0.768
e340.dat,3.0,0.308,0.00534,0.00162,0.0513,0.3074,0.9049
e209.dat,3.0,0.5943,0.00542,0.00106,-0.054,0.406,0.59
nlf414f.dat,3.0,0.675,0.0068,0.00273,-0.0785,0.3706,0.7506
sc20706.dat,3.0,0.8158,0.00859,0.00319,-0.1078,0.0048,0.7471
s4062.dat,3.0,0.8057,0.00462,0.00125,-0.1017,0.4288,1.0
ls421mod.dat,3.0,0.9329,0.0078,0.00301,-0.1079,0.296,0.6419
fx60100.dat,3.0,0.8468,0.00734,0.00183,-0.1182,0.1662,0.5249
mh114.dat,3.0,1.229,0.00655,0.00228,-0.1979,0.4347,0.6752
mh33.dat,3.0,0.4488,0.00508,0.00108,-0.0232,0.185,0.9742
naca651212a06.dat,3.0,0.4943,0.00599,0.00138,-0.035,0.2345,0.7328
goe420.dat,3.0,0.8123,0.00723,0.00213,-0.1037,0.3604,0.4109
tempest2.dat,3.0,0.3817,0.00445,0.00097,-0.0079,0.4101,0.8863
e854.dat,3.0,0.8483,0.00559,0.00128,-0.1228,0.4604,0.5436
m685.dat,3.0,0.3996,0.00435,0.00096,0.0029,0.3753,0.9592
goe513.dat,3.0,0.5655,0.00847,0.00268,-0.0177,0.3131,0.251
k2.dat,3.0,0.5115,0.0071,0.00188,-0.0799,0.0388,0.7437
hq3518.dat,3.0,0.8094,0.00695,0.00207,-0.0994,0.3438,0.5326
e266.dat,3.0,0.6777,0.00474,0.00129,-0.065,0.5352,0.7769
eh3012.dat,3.0,0.4324,0.0071,0.00207,0.0093,0.0035,0.8922
n63212.dat,3.0,0.5235,0.0057,0.00118,-0.0435,0.2808,0.6686
goe802.dat,3.0,0.9872,0.00766,0.00179,-0.1246,0.3308,0.0278
e636.dat,3.0,0.4152,0.00504,0.00147,0.0242,0.3106,0.9714
hq2512.dat,3.0,0.674,0.00668,0.00165,-0.0737,0.2042,0.6789
p51hroot.dat,3.0,0.4047,0.00815,0.00265,-0.0192,0.0158,0.7383
goe276.dat,3.0,,,,,,
naca6412.dat,3.0,0.9575,0.00625,0.00174,-0.131,0.4382,0.5488
n12.dat,3.0,0.2814,0.00634,0.00134,0.013,0.0405,0.8096
mh126.dat,3.0,0.9863,0.00933,0.00542,-0.1316,0.5161,0.5598
raf48.dat,3.0,0.5551,0.00547,0.00142,-0.032,0.3493,0.8018
n63415.dat,3.0,0.7149,0.00532,0.00122,-0.0849,0.4419,0.6072
fxs21158.dat,3.0,0.7958,0.00902,0.00279,-0.0945,0.0875,0.4601
e793.dat,3.0,0.9177,0.0067,0.00178,-0.1238,0.3465,0.4819
naca0018.dat,3.0,0.3423,0.00645,0.00159,0.0002,0.2791,0.5967
e231.dat,3.0,0.5583,0.00466,0.00121,-0.0388,0.4473,0.8928
naca001066.dat,3.0,0.1863,0.00621,0.00171,0.0341,0.0808,0.9463
lwk79100.dat,3.0,0.3373,0.00588,0.00099,0.0012,0.1749,0.6235
goe433.dat,3.0,0.9531,0.0108,0.00417,-0.1381,0.0372,0.4103
wb140.dat,3.0,0.7803,0.00981,0.00348,-0.0917,0.2522,0.1472
naca64a210.dat,3.0,0.5021,0.00637,0.00143,-0.0405,0.1252,0.7625
sc1095.dat,3.0,0.433,0.00588,0.0014,-0.0158,0.1312,0.8808
goe199.dat,3.0,,,,,,
ag13.dat,3.0,0.5687,0.00511,0.00103,-0.0476,0.181,1.0
psu-90-125wl.dat,3.0,0.677,0.00552,0.00129,-0.0762,0.3755,0.7047
s1223.dat,3.0,1.6152,0.01013,0.00462,-0.288,0.3168,0.301
e329.dat,3.0,0.6258,0.00544,0.0014,-0.0333,0.3405,0.8346
bacnlf.dat,3.0,0.5371,0.00767,0.00195,-0.0648,0.0038,0.6719
e668.dat,3.0,0.929,0.00515,0.0016,-0.1377,0.5197,0.7836
s4094.dat,3.0,0.6165,0.00732,0.00339,-0.0506,0.2839,1.0012
naca001034.dat,3.0,0.311,0.006,0.00132,0.0026,0.0638,0.8831
mh24.dat,3.0,0.4418,0.00505,0.00117,-0.02,0.2805,0.9316
naca2411.dat,3.0,0.5954,0.00482,0.00124,-0.0543,0.3607,0.9442
goe383.dat,3.0,0.8603,0.00686,0.00245,-0.087,0.3667,0.702
e193.dat,3.0,,,,,,
ah88k130.dat,3.0,0.8891,0.00587,0.0019,-0.1313,0.4298,0.8142
clarkv.dat,3.0,0.7142,0.00813,0.00286,-0.089,0.0017,0.9877
goe331.dat,3.0,1.0818,0.00872,0.00261,-0.1372,0.2791,0.0212
s1223rtl.dat,3.0,1.5422,0.01057,0.0048,-0.264,0.2543,0.3667
goe367.dat,3.0,0.7873,0.00669,0.00242,-0.0875,0.3139,0.8845
e396.dat,3.0,1.088,0.00557,0.00155,-0.176,0.5122,0.5684
naca644421.dat,3.0,0.7223,0.00587,0.00163,-0.0843,0.4751,0.5254
lds2.dat,3.0,0.556,0.00565,0.00133,-0.041,0.2848,0.7796
vr7.dat,3.0,0.6137,0.00466,0.00113,-0.0399,0.3782,0.9369
fx69h098.dat,3.0,0.4696,0.00515,0.00124,-0.0153,0.249,0.9865
goe15.dat,3.0,1.0117,0.008,0.00244,-0.1104,0.3373,0.037
goe398.dat,3.0,,,,,,
sc20406.dat,3.0,0.5123,0.00714,0.00206,-0.0445,0.0059,0.7973
eiffel430.dat,3.0,0.7977,0.00907,0.0026,-0.0545,0.1089,0.1813
e657.dat,3.0,0.9833,0.00452,0.00139,-0.1413,0.5917,0.8076
dga1182.dat,3.0,0.4067,0.00823,0.00204,-0.0134,0.0318,0.3421
goe274.dat,3.0,0.9393,0.01057,0.00317,-0.1209,0.0019,0.0294
usa50.dat,3.0,,,,,,
vr8b.dat,3.0,,,,,,
s4110.dat,3.0,0.7334,0.00544,0.00142,-0.088,0.2543,1.0
naca2418.dat,3.0,0.5943,0.00642,0.00177,-0.0511,0.345,0.6086
atr72sm.dat,3.0,0.5466,0.00594,0.00166,-0.0196,0.2351,0.8556
sg6041.dat,3.0,0.5985,0.00583,0.00137,-0.056,0.2389,0.8125
goe528.dat,3.0,1.0232,0.00567,0.00193,-0.1274,0.3787,1.0
s9027.dat,3.0,,,,,,
fx73cl2152.dat,3.0,1.3487,0.00809,0.0029,-0.2218,0.344,0.3788
raf28.dat,3.0,,,,,,
goe769.dat,3.0,0.779,0.00784,0.00199,-0.0584,0.2123,0.2567
fx77w121.dat,3.0,0.6749,0.00496,0.00155,-0.0355,0.3985,0.9896
goe57.dat,3.0,,,,,,
raf25.dat,3.0,,,,,,
b707d.dat,3.0,0.5069,0.00664,0.00179,-0.0291,0.0017,0.964
e850.dat,3.0,0.603,0.00758,0.00194,-0.081,0.0029,0.6547
raf30md.dat,3.0,0.3064,0.00646,0.00197,0.0055,0.0008,0.9018
ah88k136.dat,3.0,0.53,0.00392,0.00137,-0.0244,0.6244,0.9374
ncambre.dat,3.0,0.4364,0.00556,0.00121,-0.008,0.2197,0.842
sc20712.dat,3.0,0.9003,0.00924,0.00342,-0.13,0.0394,0.6483
s9033.dat,3.0,0.3291,0.00529,0.00098,0.0029,0.102,0.8896
goe282.dat,3.0,0.9138,0.01013,0.0031,-0.1181,0.0031,0.2487
e377m.dat,3.0,1.009,0.00601,0.00105,-0.1145,0.4011,0.074
goe435.dat,3.0,1.0048,0.00975,0.00376,-0.1411,0.3069,0.1682
ah21-7.dat,3.0,0.6595,0.00629,0.00173,-0.0812,0.1614,0.902
goe373.dat,3.0,,,,,,
naca64208.dat,3.0,0.5054,0.00653,0.00146,-0.0422,0.0269,0.8015
giiie.dat,3.0,0.3962,0.00646,0.00147,-0.0077,0.0012,0.8821
e548.dat,3.0,0.6047,0.00551,0.00132,-0.0439,0.4156,0.668
e68.dat,3.0,0.8144,0.0053,0.0014,-0.1154,0.4609,0.713
hq300gd2.dat,3.0,0.9918,0.0055,0.0018,-0.1338,0.4923,0.7586
n64008a.dat,3.0,0.32,0.00618,0.00127,0.0015,0.0012,0.853
goe421.dat,3.0,1.1636,0.0111,0.00521,-0.1806,0.3363,0.2155
s2048.dat,3.0,0.6234,0.00587,0.00131,-0.0684,0.2223,0.7777
l188root.dat,3.0,0.6032,0.00608,0.00162,-0.0621,0.3218,0.7174
goe746.dat,3.0,,,,,,
jn153.dat,3.0,1.2846,0.00713,0.00307,-0.1664,0.4435,0.635
naca664221.dat,3.0,0.5396,0.00456,0.00138,-0.0496,0.6552,0.6873
rae101.dat,3.0,0.3265,0.00559,0.001,0.0022,0.1787,0.737
goe217.dat,3.0,1.2821,0.00809,0.00305,-0.1854,0.3463,0.4123
fx77w153.dat,3.0,0.6171,0.00699,0.00151,-0.0182,0.3372,0.2719
sc20612.dat,3.0,0.8103,0.00872,0.00304,-0.1146,0.0498,0.6525
giiin.dat,3.0,0.475,0.00757,0.00121,-0.0083,0.1587,0.0485
goe114.dat,3.0,,,,,,
nplx.dat,3.0,0.4496,0.00727,0.00155,-0.0486,0.0373,0.578
goe459.dat,3.0,0.2637,0.0071,0.00172,0.0155,0.0022,0.7384
us1000root.dat,3.0,0.2966,0.00692,0.00156,0.0093,0.257,0.4612
goe564.dat,3.0,0.6393,0.00716,0.00214,-0.0681,0.0027,0.9921
ah81k144wfKlappe.dat,3.0,0.4848,0.01005,0.0034,-0.0141,0.091,0.2018
goe505.dat,3.0,0.692,0.00329,-0.00248,-0.0632,0.2942,0.2214
n63012a.dat,3.0,0.3264,0.00637,0.00131,0.0008,0.1078,0.7105
glennmartin3.dat,3.0,,,,,,
naca662215.dat,3.0,0.4826,0.00647,0.00183,-0.0385,0.2575,0.7316
ah93w145.dat,3.0,0.837,0.00501,0.00139,-0.1025,0.4677,0.8263
goe142.dat,3.0,0.7323,0.00515,0.0012,-0.075,0.2812,1.0
s6063.dat,3.0,0.4846,0.00614,0.00145,-0.0316,0.0087,1.0
goe195.dat,3.0,0.9209,0.00951,0.00271,-0.132,0.0011,0.2921
ah79k135.dat,3.0,0.6731,0.00445,0.00116,-0.0675,0.5166,0.8544
e407.dat,3.0,0.9024,0.00647,0.00207,-0.154,0.4128,0.6033
goe701.dat,3.0,0.7734,0.00842,0.00218,-0.0879,0.205,0.2175
fx61163.dat,3.0,0.8667,0.00584,0.00154,-0.1168,0.4097,0.639
rhodesg36.dat,3.0,1.0158,0.00858,0.00361,-0.0729,0.255,0.6817
rg1495.dat,3.0,0.521,0.00642,0.00153,-0.038,0.0855,0.8597
m665.dat,3.0,0.3844,0.00512,0.00116,0.0012,0.2045,0.9802
rc10n1.dat,3.0,0.3741,0.00401,0.00077,0.0086,0.403,0.963
naca001264a08cli0.2.dat,3.0,0.4741,0.00683,0.00156,-0.0201,0.1656,0.6813
naca16021.dat,3.0,0.1423,0.00475,0.00194,0.0418,0.6892,0.8459
e540.dat,3.0,0.6332,0.00467,0.00121,-0.0679,0.5761,0.71
naca2421.dat,3.0,0.5887,0.00693,0.00209,-0.0485,0.3429,0.5545
naca001035.dat,3.0,0.2686,0.00614,0.00146,0.0119,0.0363,0.9258
goe770.dat,3.0,0.7146,0.00689,0.00203,-0.0471,0.3411,0.5489
fx79l100.dat,3.0,0.3092,0.00599,0.00106,0.0066,0.1434,0.663
usa35b.dat,3.0,0.9466,0.0092,0.00375,-0.0859,0.0007,1.0
b707e.dat,3.0,0.4945,0.00677,0.00175,-0.031,0.0258,0.8647
goe510.dat,3.0,0.7257,0.00828,0.00217,-0.0694,0.3229,0.0547
goe571.dat,3.0,0.8161,0.01259,0.00652,-0.0506,0.3549,0.024
naca653218.dat,3.0,0.5387,0.00488,0.00112,-0.0469,0.5314,0.6204
ua2-180sm.dat,3.0,0.9487,0.00594,0.00194,-0.0922,0.4513,0.698
n63010a.dat,3.0,0.3226,0.00659,0.00137,0.0013,0.0095,0.7659
ah85l120.dat,3.0,0.2785,0.00559,0.00126,0.0105,0.2389,0.8021
ls413mod.dat,3.0,0.8629,0.00779,0.00256,-0.1068,0.1617,0.702
fx79w660a.dat,3.0,0.228,0.06374,0.05778,0.022,0.3862,0.5907
n14.dat,3.0,0.2862,0.00606,0.00124,0.0108,0.142,0.7551
naca651412.dat,3.0,0.6813,0.00662,0.00174,-0.0835,0.2153,0.7052
fx79k144.dat,3.0,0.6952,0.00496,0.00154,-0.0794,0.5062,0.8214
goe389.dat,3.0,0.771,0.00792,0.00268,-0.0891,0.0032,1.0
fx66196v.dat,3.0,0.8822,0.0061,0.00171,-0.1188,0.4733,0.5127
s8052.dat,3.0,0.5089,0.00562,0.00121,-0.0299,0.2774,0.737
s4053.dat,3.0,0.6949,0.00478,0.00115,-0.0749,0.3559,0.9984
isa960.dat,3.0,0.9127,0.00961,0.00483,-0.0949,0.0908,1.0
eh1090.dat,3.0,0.3737,0.00449,0.00081,0.0018,0.2979,0.913
e203.dat,3.0,0.7083,0.00539,0.0011,-0.0863,0.4541,0.548
sa7026.dat,3.0,0.7896,0.00479,0.00126,-0.0996,0.3991,1.0
goe780.dat,3.0,,,,,,
fx83w160.dat,3.0,0.8475,0.00572,0.00157,-0.1348,0.5057,0.5437
e338.dat,3.0,0.5677,0.00536,0.00158,-0.0128,0.3342,0.9076
goe304.dat,3.0,1.0219,0.00745,0.00173,-0.1343,0.3427,0.0468
e344.dat,3.0,0.6667,0.00579,0.0019,-0.0328,0.3347,0.8983
nlf416.dat,3.0,0.8326,0.00599,0.00164,-0.109,0.3788,0.6483
goe413.dat,3.0,0.907,0.00761,0.00215,-0.1199,0.3023,0.3296
goe147.dat,3.0,,,,,,
naca64209.dat,3.0,0.5075,0.00835,0.00145,-0.0413,0.0339,0.0358
lwk80080.dat,3.0,0.2857,0.00587,0.00112,0.0102,0.067,0.8102
mh95.dat,3.0,,,,,,
e642.dat,3.0,0.6664,0.0047,0.00137,-0.0594,0.517,0.8379
goe598.dat,3.0,,,,,,
mh115.dat,3.0,1.0951,0.00596,0.00188,-0.1687,0.4119,0.7918
falcon.dat,3.0,0.4041,0.00539,0.00123,0.0001,0.2973,0.8402
mh70.dat,3.0,0.6392,0.00501,0.00129,-0.0495,0.311,0.9606
e58.dat,3.0,1.2204,0.01129,0.00548,-0.2239,0.0006,0.8497
n24.dat,3.0,1.1187,0.00787,0.00364,-0.0925,0.2752,0.9993
e485.dat,3.0,0.4349,0.0052,0.00112,-0.0116,0.2995,0.8123
goe366.dat,3.0,1.1581,0.00841,0.00263,-0.1578,0.3599,0.022
goe612.dat,3.0,0.8177,0.00786,0.00232,-0.0947,0.2605,0.4075
n64015a.dat,3.0,0.3423,0.00512,0.00099,-0.0019,0.4144,0.6527
n22.dat,3.0,1.004,0.00656,0.00241,-0.093,0.2719,1.0001
fx80080.dat,3.0,,,,,,
hq17.dat,3.0,0.8179,0.00722,0.00272,-0.112,0.3215,0.802
lwk80120k25.dat,3.0,0.296,0.0058,0.00124,0.0079,0.2007,0.7532
b29root.dat,3.0,0.3942,0.00589,0.00167,0.001,0.4165,0.6303
mh84.dat,3.0,0.827,0.00711,0.00184,-0.0704,0.2348,0.4269
la5055.dat,3.0,0.8015,0.00871,0.00271,-0.0698,0.2903,0.0411
e361.dat,3.0,,,,,,
fx76120.dat,3.0,0.3026,0.00564,0.00112,0.0088,0.2105,0.7434
goe382.dat,3.0,0.9685,0.00826,0.00259,-0.1071,0.3711,0.1948
mh60.dat,3.0,0.4388,0.00446,0.00093,-0.005,0.3037,0.984
usa25.dat,3.0,0.7251,0.0095,0.00238,-0.0678,0.0028,0.1212
n63015a.dat,3.0,0.3426,0.00522,0.00101,-0.0016,0.3916,0.6501
n63412.dat,3.0,0.6881,0.00605,0.00143,-0.0816,0.284,0.6749
rae5213.dat,3.0,0.5671,0.00706,0.00165,-0.0519,0.0767,0.6358
goe647.dat,3.0,0.8607,0.0077,0.00231,-0.0866,0.2702,0.4483
rg8.dat,3.0,0.6919,0.00822,0.00227,-0.0887,0.0011,0.6476
sc20614.dat,3.0,0.8374,0.00911,0.0033,-0.1206,0.0553,0.6282
ag45ct02r.dat,3.0,0.5177,0.0048,0.00091,-0.0294,0.2274,1.0
goe744.dat,3.0,0.7048,0.00737,0.00178,-0.0099,0.3458,0.0431
nacam12.dat,3.0,0.5222,0.00726,0.00161,-0.0285,0.3674,0.1258
s7055.dat,3.0,0.7064,0.00465,0.0012,-0.0705,0.4013,0.9944
tempest3.dat,3.0,0.3974,0.00461,0.00102,-0.0116,0.332,0.9372
mh200.dat,3.0,0.6836,0.00546,0.00137,-0.0807,0.3922,0.7411
n64215.dat,3.0,0.5345,0.0051,0.00103,-0.0449,0.4461,0.6059
n2h15.dat,3.0,,,,,,
s102b.dat,3.0,0.7096,0.0076,0.00215,-0.0863,0.174,0.5883
e549.dat,3.0,0.705,0.0057,0.00139,-0.0801,0.4476,0.5725
e205.dat,3.0,0.6057,0.00439,0.00104,-0.046,0.4062,0.988
fx84w127.dat,3.0,0.7514,0.0046,0.00118,-0.0852,0.484,0.8422
e625.dat,3.0,0.3774,0.00516,0.00131,0.0317,0.2762,0.9108
ag11.dat,3.0,0.5572,0.00528,0.00111,-0.0343,0.1735,1.0
npl9627.dat,3.0,0.4148,0.00637,0.00154,-0.0104,0.11,0.826
b737a.dat,3.0,0.493,0.00844,0.00203,-0.0019,0.1265,0.1982
rc08b3.dat,3.0,0.3556,0.00554,0.00134,0.0034,0.1367,0.9826
ah81131.dat,3.0,,,,,,
n64012a.dat,3.0,0.3228,0.00658,0.00139,0.0011,0.0707,0.7146
kc135a.dat,3.0,0.4891,0.00531,0.00105,-0.0176,0.4285,0.599
sc1095r8.dat,3.0,0.4204,0.006,0.00139,-0.0186,0.1363,0.827
ag04.dat,3.0,0.5203,0.00499,0.00099,-0.0349,0.1985,1.0
saratov.dat,3.0,1.1173,0.01118,0.0042,-0.1772,0.0017,0.1485
goe650.dat,3.0,0.7985,0.00839,0.00234,-0.1072,0.1637,0.3677
naca643218.dat,3.0,0.5411,0.00532,0.00119,-0.0454,0.4704,0.5618
fx63110.dat,3.0,0.9983,0.00413,-0.00201,-0.1519,0.0005,0.5974
cap21c.dat,3.0,0.4525,0.0074,0.0016,-0.0141,0.1819,0.2115
fx74080.dat,3.0,0.8032,0.00644,0.002,-0.1144,0.2068,0.9617
trainer60.dat,3.0,0.4083,0.00674,0.00173,-0.0094,0.2814,0.5209
fx60157.dat,3.0,0.8153,0.00851,0.00294,-0.1182,0.1311,0.6729
naca64210.dat,3.0,0.5093,0.00665,0.00149,-0.0424,0.0706,0.7255
usa35a.dat,3.0,1.0729,0.00816,0.0028,-0.1356,0.3356,0.3745
ua2-180.dat,3.0,0.9717,0.00729,0.00179,-0.0967,0.4372,0.0323
s9026.dat,3.0,,,,,,
e655.dat,3.0,0.911,0.00483,0.00135,-0.1231,0.5583,0.7096
ag09.dat,3.0,0.5121,0.00505,0.00099,-0.0314,0.1734,1.0
goe629.dat,3.0,0.5883,0.00798,0.00213,-0.057,0.1255,0.5039
dfvlrr4.dat,3.0,0.7909,0.00843,0.00281,-0.1193,0.076,0.675
goe257.dat,3.0,0.7516,0.01025,0.00292,-0.0786,0.0022,0.0308
mh44.dat,3.0,0.4419,0.0046,0.00098,-0.01,0.2908,0.9838
fx77w258.dat,3.0,0.8644,0.00791,0.00291,-0.0746,0.3357,0.5294
e654.dat,3.0,1.0391,0.00506,0.00152,-0.152,0.556,0.6969
usa29.dat,3.0,0.6188,0.00957,0.00288,-0.0556,0.0696,0.3028
e395.dat,3.0,1.0799,0.00559,0.00154,-0.1768,0.504,0.5699
nn7mk20.dat,3.0,0.8175,0.00531,0.00132,-0.1098,0.5019,0.6072
e561.dat,3.0,1.0567,0.00717,0.00209,-0.1605,0.3725,0.3779
ls421.dat,3.0,0.8927,0.0079,0.00316,-0.1227,0.3242,0.6492
naca16012.dat,3.0,0.2479,0.00606,0.00151,0.0173,0.1193,0.9062
w1015.dat,3.0,0.3445,0.0062,0.00129,-0.0001,0.2469,0.5875
goe434.dat,3.0,1.0501,0.00834,0.003,-0.1501,0.3396,0.3252
e583.dat,3.0,0.9006,0.005,0.00149,-0.1134,0.5274,0.7832
fxm2.dat,3.0,0.9141,0.00937,0.00245,-0.1,0.0653,0.0329
b737b.dat,3.0,0.4788,0.00644,0.00145,-0.0088,0.1621,0.6704
goe527.dat,3.0,0.9204,0.00636,0.00201,-0.1001,0.3856,0.6681
e1212mod.dat,3.0,0.5803,0.0074,0.00174,-0.0425,0.262,0.2834
ah93w300.dat,3.0,0.8029,0.00887,0.00358,-0.0974,0.3064,0.4383
e637.dat,3.0,0.4916,0.00505,0.00146,0.004,0.3224,0.9748
npl9615.dat,3.0,,,,,,
goe320.dat,3.0,0.9687,0.00933,0.00277,-0.1041,0.1932,0.0493
goe346.dat,3.0,0.7279,0.00908,0.00195,-0.0766,0.0017,0.0322
goe55.dat,3.0,0.5362,0.00737,0.00238,-0.0303,0.0215,0.8717
s8065.dat,3.0,0.4599,0.00541,0.0012,-0.0302,0.2907,0.793
mh122.dat,3.0,0.8444,0.00685,0.00189,-0.133,0.2434,0.6486
naca66-018.dat,3.0,0.3338,0.00514,0.00136,-0.0025,0.4803,0.7061
fx77w270.dat,3.0,0.9097,0.00994,0.00502,-0.0866,0.3586,0.5787
raf33.dat,3.0,0.533,0.00463,0.00111,-0.0027,0.4124,0.8755
m6.dat,3.0,,,,,,
usa34.dat,3.0,0.8309,0.00863,0.00315,-0.0825,0.419,0.1503
ultimate.dat,3.0,0.1958,0.00504,0.00101,0.0358,0.3778,0.7504
goe574.dat,3.0,,,,,,
goe602m.dat,3.0,,,,,,
naca66210.dat,3.0,0.486,0.00697,0.00177,-0.0398,0.0245,0.791
e853.dat,3.0,0.8129,0.00589,0.00136,-0.1198,0.391,0.5687
r140sm.dat,3.0,0.3439,0.00501,0.0009,-0.0015,0.3613,0.7358
w1011.dat,3.0,0.3455,0.00583,0.00105,-0.0005,0.1991,0.6538
mh112.dat,3.0,1.2835,0.00702,0.00261,-0.2031,0.4514,0.5309
ah79k143.dat,3.0,0.6491,0.00428,0.00132,-0.0634,0.5789,0.8597
e550.dat,3.0,0.6949,0.00576,0.00138,-0.0707,0.4224,0.5721
naca1410.dat,3.0,0.4529,0.00561,0.00127,-0.0252,0.1827,0.8805
goe620.dat,3.0,0.862,0.00756,0.00243,-0.1074,0.3763,0.376
sd7080.dat,3.0,0.6361,0.00509,0.00124,-0.0617,0.2806,0.9745
sa7036.dat,3.0,0.6718,0.00498,0.00121,-0.0688,0.3047,1.0
goe222.dat,3.0,1.1975,0.01178,0.00539,-0.1987,0.1901,0.3457
goe738.dat,3.0,0.4066,0.00572,0.00138,0.0085,0.2794,0.7272
k3311.dat,3.0,0.7043,0.00498,0.00112,-0.0751,0.4151,0.7903
e748.dat,3.0,1.0577,0.00748,0.00234,-0.1624,0.3602,0.3902
goe795.dat,3.0,0.6168,0.00632,0.00169,-0.0623,0.098,0.993
raf30.dat,3.0,0.2954,0.00724,0.00169,0.0084,0.0013,0.6795
s2046.dat,3.0,0.7196,0.00615,0.00138,-0.0896,0.2338,0.6777
goe802a.dat,3.0,1.0023,0.00822,0.00242,-0.1218,0.3324,0.0297
dae51.dat,3.0,0.821,0.00467,0.00125,-0.1048,0.4271,1.0
mh106.dat,3.0,0.3392,0.00501,0.00088,0.0163,0.3288,0.7285
